ID,Kd,Kd_SE,p.value
CR9114_G4S,2.11E-10,1.65E-10,0.291426889
CR9114_D13K,2.20E-10,1.60E-10,0.261604195
CR9114_V14S,3.16E-10,2.29E-10,0.261894206
CR9114_D13E,3.59E-10,1.61E-10,0.111765863
MN284778.1,3.61E-10,8.66E-10,0.71706852
CR9114_D13Q,3.78E-10,1.32E-10,0.063879381
CR9114_D13V,4.13E-10,1.05E-10,0.05911286
CR9114_V14W,4.20E-10,1.60E-10,0.079176559
CR9114_D13C,4.53E-10,8.47E-11,0.01280182
CR9114_V14Y,4.56E-10,1.20E-10,0.032144042
CR9114_A1T,4.64E-10,1.44E-10,0.048392767
FI353V,4.87E-10,4.56E-10,0.36355295
CR9114_S10A,4.89E-10,8.43E-11,0.010161342
CR9114_V14N,4.93E-10,1.54E-10,0.049472942
CR9114_D13M,5.05E-10,1.51E-10,0.078679495
FJ873869.1,5.06E-10,1.21E-10,0.025147707
CR9114_WT,5.19E-10,1.18E-10,0.02154968
MN284685.1,5.24E-10,1.13E-09,0.687161558
JN000491.1,5.26E-10,5.74E-10,0.427095201
CR9114_H3M,5.31E-10,1.19E-10,0.020704167
16.ND.91_Heavy_1,5.44E-10,2.42E-10,0.110142271
CR9114_V14K,5.52E-10,9.25E-11,0.009413393
CR9114_S10R,5.53E-10,1.59E-10,0.039807432
CR9114_V14A,5.62E-10,1.27E-10,0.021437214
CR9114_S10I,5.77E-10,1.88E-10,0.091778297
CR9114_D13G,5.78E-10,3.27E-10,0.175299207
MN867970.1,5.84E-10,1.12E-10,0.013872487
CR9114_V14E,5.84E-10,8.71E-11,0.006753802
CR9114_R2E,5.88E-10,2.74E-10,0.165010492
CR9114_G4M,5.99E-10,8.85E-11,0.006597503
CR9114_D13N,6.01E-10,1.48E-10,0.027162972
CR9114_G4F,6.05E-10,4.69E-10,0.325654173
CR9114_R2H,6.43E-10,1.54E-10,0.024852967
CR9114_Y7I,6.44E-10,2.12E-10,0.055886027
CR9114_V14M,6.50E-10,1.32E-10,0.016128579
CR9114_D13I,6.60E-10,2.62E-10,0.086511034
CR9114_R2Q,6.69E-10,9.39E-11,0.005679389
CR9114_S10M,6.76E-10,1.57E-10,0.022909585
CR9114_G11A,6.77E-10,8.95E-11,0.004785837
321.5.PB.5.3D08_1,6.78E-10,4.62E-10,0.238060859
MK901931.1,6.79E-10,7.18E-10,0.414407043
CR9114_V14T,6.84E-10,1.69E-10,0.027251857
CR9114_D13R,6.97E-10,1.71E-10,0.026503326
321.5.PB.5.7B04_1,7.00E-10,9.14E-11,0.004619591
CR9114_D13H,7.17E-10,2.28E-10,0.051577437
CR9114_D13P,7.24E-10,9.23E-11,0.004318836
CR9114_R2I,7.26E-10,9.10E-10,0.508908239
CR9114_G4Y,7.28E-10,2.14E-10,0.04247311
CR9114_D13Y,7.30E-10,2.54E-10,0.063971954
CR9114_Y8W,7.36E-10,1.21E-10,0.008825573
CR9114_V14I,7.63E-10,1.42E-09,0.645440314
CR9114_V14G,7.68E-10,4.87E-10,0.25561558
CR9114_G4W,7.69E-10,1.51E-10,0.01466661
CR9114_G4I,7.69E-10,4.51E-10,0.186384673
CR9114_S10H,7.70E-10,9.16E-11,0.003530297
CR9114_R2A,7.90E-10,8.34E-10,0.413006456
CR9114_G4K,7.94E-10,1.16E-10,0.006336488
CR9114_S10E,8.07E-10,9.23E-11,0.003144037
CR9114_R2G,8.12E-10,3.71E-10,0.116536405
CR9114_S10L,8.15E-10,3.53E-10,0.147300221
CR9114_G4C,8.40E-10,1.45E-10,0.028650216
CR9114_M12L,8.46E-10,2.23E-10,0.032011109
CR9114_S10K,8.59E-10,3.32E-10,0.080909083
CR9114_G4V,8.62E-10,3.18E-10,0.073175297
CR9114_S10T,8.64E-10,1.31E-10,0.022056721
CR9114_G4R,8.76E-10,1.11E-10,0.004229614
CR9114_Y8F,9.12E-10,9.44E-11,0.00235174
CR9114_G11P,9.15E-10,1.15E-10,0.004130398
CR9114_D13F,9.37E-10,2.38E-10,0.029374966
CR9114_D13L,9.41E-10,1.55E-10,0.008899824
CR9114_R2M,9.42E-10,1.07E-10,0.003121077
CR9114_Y9E,9.52E-10,1.48E-10,0.00766791
FI4007V,9.83E-10,1.50E-09,0.558304495
CR9114_R2S,9.83E-10,9.53E-11,0.001940617
CR9114_G4N,1.01E-09,3.65E-10,0.110061416
CR9114_S10V,1.01E-09,1.19E-09,0.45566857
CR9114_A1C,1.01E-09,2.19E-10,0.018892973
CR9114_M12C,1.02E-09,3.64E-10,0.068003679
MN284248.1,1.02E-09,1.08E-10,0.002494794
MN283655.1,1.03E-09,1.93E-09,0.630408315
CR9114_V14L,1.05E-09,1.97E-10,0.033507807
CR9114_R2T,1.06E-09,2.27E-10,0.018627566
MN281681.1,1.06E-09,9.90E-10,0.394943352
CR9114_N5S,1.09E-09,2.01E-10,0.012272583
CR9114_V14D,1.09E-09,1.65E-10,0.007040248
315-09-05M_1E08,1.10E-09,1.27E-10,0.013093775
MN285122.1,1.11E-09,2.57E-10,0.022826366
CR9114_V14Q,1.11E-09,4.35E-10,0.124795617
CR9114_S10Q,1.13E-09,9.85E-11,0.001411725
CR9114_R2N,1.15E-09,1.66E-10,0.006157533
KJ423523.1,1.16E-09,3.62E-10,0.049259986
CR9114_S10Y,1.17E-09,1.45E-10,0.003978978
CR9114_R2L,1.18E-09,1.34E-10,0.003149285
CR9114_N5M,1.20E-09,1.08E-10,0.001563208
CR9114_M12I,1.20E-09,5.69E-10,0.125562049
CR9114_R2V,1.21E-09,1.04E-10,0.001345331
CR9114_G11H,1.22E-09,4.60E-10,0.076552755
KP278509.1,1.24E-09,2.26E-09,0.623129705
CR9114_V14R,1.24E-09,1.41E-10,0.003090847
321.5.PB.5.3C10_1,1.25E-09,9.51E-10,0.320123733
321.5.GC.60.1D11_1,1.25E-09,3.02E-10,0.025473934
CR9114_G11E,1.26E-09,6.30E-10,0.138491655
MN283097.1,1.28E-09,4.46E-09,0.801147741
CR9114_S10P,1.28E-09,1.04E-09,0.303365477
CR9114_G11W,1.29E-09,2.03E-10,0.007910037
CR9114_M12A,1.29E-09,4.48E-10,0.063530202
FI469V,1.29E-09,6.42E-10,0.137856747
CR9114_H3Q,1.32E-09,2.05E-10,0.007515428
CR9114_G4H,1.35E-09,1.13E-10,0.001281836
MN283038.1,1.35E-09,9.67E-11,0.000794141
EF583665.1,1.36E-09,4.58E-09,0.795163532
MH605113.1,1.36E-09,9.33E-10,0.242152592
HM774660.1,1.36E-09,8.75E-10,0.218025496
CR9114_V14P,1.42E-09,6.26E-10,0.108440958
CR9114_S10C,1.42E-09,7.07E-10,0.13742222
310-18C7,1.42E-09,2.01E-09,0.530532103
CR9114_Y8V,1.43E-09,4.28E-10,0.044475705
CR9114_H3N,1.45E-09,1.02E-09,0.250596416
CR9114_S10F,1.46E-09,3.70E-10,0.028686049
AB826546.1,1.47E-09,2.31E-10,0.007870573
MN281119.1,1.49E-09,2.01E-09,0.511478624
AY179858.1,1.50E-09,1.79E-09,0.46433958
CR9114_S10G,1.50E-09,1.00E-10,0.000644919
CR9114_Y7V,1.53E-09,9.95E-10,0.222929413
CR9114_Y9G,1.54E-09,1.00E-09,0.221047832
AY179842.1,1.55E-09,2.43E-09,0.568508984
AJ555258.1,1.57E-09,1.90E-10,0.003703639
MK900817.1,1.57E-09,9.81E-11,0.000527619
AB826541.1,1.64E-09,1.21E-09,0.309445939
KX948198.1,1.64E-09,1.15E-09,0.247928839
CR9114_N5Q,1.66E-09,9.52E-10,0.178850919
CR9114_G11K,1.67E-09,8.04E-10,0.129167303
CR9114_G11V,1.68E-09,9.63E-10,0.179955544
CR9114_G11S,1.70E-09,2.95E-10,0.010445523
CR9114_R2W,1.70E-09,7.35E-10,0.146333108
CR9114_G11C,1.71E-09,2.59E-10,0.007006651
CR9114_G11D,1.74E-09,1.25E-10,0.000808754
CR9114_A1N,1.74E-09,1.75E-10,0.009957234
CR9114_A1S,1.75E-09,4.81E-10,0.03549277
CR9114_Y8L,1.76E-09,1.30E-10,0.005428462
CR9114_Y8P,1.77E-09,8.62E-10,0.132972972
CR9114_G11T,1.79E-09,8.83E-10,0.135717926
CR9114_Y7F,1.82E-09,3.14E-10,0.010263124
20A-620-30_2D06,1.84E-09,1.65E-10,0.007958319
CR9114_A1G,1.86E-09,1.19E-10,0.000568583
CR9114_N5D,1.87E-09,3.75E-10,0.015357794
CR9114_G11L,1.89E-09,5.82E-10,0.047596283
CR9114_M12H,1.93E-09,9.50E-10,0.134568647
315-09-04_1B09,1.94E-09,3.93E-09,0.670438881
321.5.PB.5.7E02_1,1.95E-09,1.83E-10,0.00174646
CR9114_Y9V,1.97E-09,9.47E-10,0.128775524
HM774068.1,2.00E-09,1.75E-09,0.337062354
F10,2.03E-09,6.20E-10,0.082220166
CR9114_G11M,2.04E-09,1.99E-10,0.001990779
CR9114_Y6F,2.04E-09,9.49E-10,0.120662119
CR9114_N5G,2.04E-09,9.45E-10,0.119453229
V3-2G6,2.06E-09,9.43E-10,0.116522137
CR9114_Y7M,2.07E-09,4.89E-10,0.024127112
CR9114_G11R,2.15E-09,8.47E-10,0.084803956
AY393337.1,2.19E-09,2.65E-09,0.468364812
CR9114_Y9D,2.26E-09,3.70E-10,0.008886943
CR9114_M12N,2.26E-09,9.69E-11,0.000171884
CR9114_G11Y,2.27E-09,8.98E-10,0.085910964
CR9114_N5L,2.33E-09,9.09E-10,0.082962279
CR9114_Y9N,2.33E-09,4.30E-10,0.012295976
CR9114_M12F,2.33E-09,4.40E-10,0.013114128
CR9114_Y9T,2.34E-09,4.36E-10,0.012671181
FI225V,2.34E-09,1.20E-09,0.146135813
CR9114_M12W,2.35E-09,1.18E-10,0.000276796
CR9114_R2K,2.38E-09,5.95E-10,0.028022377
CR9114_G11Q,2.39E-09,1.14E-10,0.000234261
CR9114_M12V,2.40E-09,8.19E-10,0.060854169
CR9114_Y9F,2.45E-09,8.92E-10,0.070663507
MK901018.1,2.47E-09,6.83E-10,0.068880145
CR9114_H3Y,2.49E-09,9.01E-10,0.069820664
CR9114_H3G,2.50E-09,9.21E-10,0.073205571
CR9114_N5T,2.50E-09,1.32E-09,0.199246454
CR9114_M12T,2.50E-09,8.88E-10,0.067077838
AB826559.1,2.51E-09,3.33E-09,0.52920999
AG7-G05_1,2.51E-09,8.81E-10,0.064815045
CR9114_A1I,2.61E-09,9.29E-10,0.067476735
CR9114_N5E,2.63E-09,9.19E-10,0.06440228
MW681648.1,2.64E-09,1.18E-09,0.11093093
AF460746.1,2.66E-09,3.79E-09,0.533773507
AB826502.1,2.67E-09,9.41E-10,0.065474264
CR9114_M12Y,2.68E-09,8.27E-10,0.04804871
F045-092_1,2.69E-09,1.57E-09,0.228761015
CR9114_H3E,2.72E-09,9.10E-10,0.058042103
CR9114_R2D,2.73E-09,5.53E-10,0.015915334
CR9114_G11F,2.74E-09,9.61E-11,9.51E-05
CR9114_Y8H,2.74E-09,1.13E-09,0.136198854
CR9114_Y9A,2.75E-09,5.77E-10,0.017510818
CR9114_Y8I,2.76E-09,9.30E-10,0.059171532
AB826548.1,2.77E-09,4.51E-10,0.008672269
JN110993.1,2.80E-09,5.60E-10,0.015356261
AY393517.1,2.81E-09,5.06E-09,0.617607165
MG524242.1,2.82E-09,4.13E-09,0.54383156
FI5153V,2.83E-09,4.93E-09,0.605907384
CR9114_S10N,2.85E-09,1.77E-10,0.000517636
CR9114_R2C,2.85E-09,1.59E-10,0.000379179
CR9114_Y9Q,2.95E-09,3.55E-10,0.003653015
CR9114_N5A,2.95E-09,9.34E-10,0.050881546
AB826556.1,2.96E-09,9.25E-10,0.049452518
MK269993.1,3.16E-09,4.58E-09,0.54026408
MW457761.1,3.21E-09,2.61E-09,0.343935194
FI4012V,3.22E-09,1.79E-09,0.17000151
CR9114_Y9K,3.23E-09,4.07E-10,0.004192177
AB066834.1,3.25E-09,8.64E-09,0.732132324
CR9114_Y9H,3.41E-09,3.30E-10,0.001936098
AB826544.1,3.44E-09,9.34E-10,0.03482071
AF460720.1,3.45E-09,9.97E-09,0.752253366
MK417206.1,3.47E-09,1.43E-09,0.094104823
CR9114_Y9R,3.61E-09,8.27E-10,0.048787537
039_10_5G05_1,3.72E-09,1.01E-10,4.33E-05
CR9114_N5H,3.77E-09,4.25E-10,0.003017308
CR9114_Y7L,3.82E-09,1.15E-09,0.080333147
31.f.01_Heavy_1,3.91E-09,8.91E-10,0.021899705
AB826550.1,3.92E-09,8.98E-10,0.022185547
DQ524041.1,3.94E-09,3.27E-09,0.315435879
CR9114_Y8A,3.94E-09,2.25E-09,0.221320167
EU835557.1,3.97E-09,5.80E-09,0.542518791
CR9114_Y8T,4.00E-09,8.38E-10,0.017419944
MW655271.1,4.03E-09,3.90E-09,0.377740948
S67983.1,4.09E-09,7.69E-09,0.631793941
AY393219.1,4.14E-09,1.05E-08,0.73148028
310-18B11,4.31E-09,1.55E-09,0.069057929
CR9114_Y8C,4.39E-09,1.21E-09,0.068142111
CR9114_Y6S,4.51E-09,8.38E-09,0.627697963
CR6261,4.56E-09,1.27E-09,0.069702051
CR9114_Y9I,4.57E-09,4.97E-09,0.425663263
CR9114_G11I,4.73E-09,5.13E-09,0.424529145
CR9114_Y9L,4.76E-09,2.60E-09,0.164121965
KJ880303.1,5.27E-09,7.31E-09,0.522936628
310-18D2,5.30E-09,1.27E-09,0.024992237
FI501V,5.37E-09,5.97E-10,0.012107699
MT565910.1,5.56E-09,1.84E-09,0.094010072
CR9114_R2P,6.19E-09,1.06E-09,0.010054181
KX948376.1,6.51E-09,2.38E-09,0.071544965
MW457767.1,6.66E-09,8.75E-09,0.501826186
315-06-06_1D09,6.71E-09,1.05E-08,0.589503389
CR9114_N5R,6.82E-09,1.13E-09,0.009071183
CR9114_M12P,6.99E-09,7.63E-10,0.002752339
FI3066V,7.13E-09,1.21E-09,0.02757626
FI521V,7.15E-09,9.17E-10,0.004392033
CR9114_A1P,7.23E-09,8.51E-10,0.003422622
CR9114_Y7Q,8.10E-09,5.87E-09,0.261900338
20A-678-41_1A05,8.26E-09,1.42E-09,0.01001481
MN283426.1,8.32E-09,3.81E-09,0.160317329
MG524323.1,9.73E-09,1.48E-08,0.557726545
HM774496.1,1.00E-08,1.46E-09,0.006296477
AB826560.1,1.03E-08,1.39E-09,0.005182818
CR9114_N5K,1.05E-08,1.44E-09,0.005373699
310-18A7,1.19E-08,4.17E-09,0.103920358
DQ100908.1,1.20E-08,7.00E-09,0.18493866
CR9114_Y7A,1.28E-08,1.28E-09,0.002137755
CR9114_M12S,1.36E-08,1.34E-08,0.415886019
MW654867.1,1.37E-08,1.90E-09,0.005485373
HM996070.1,1.40E-08,3.02E-09,0.018994917
MT151435.1,1.45E-08,2.68E-08,0.626998766
FJ873895.1,1.48E-08,2.93E-09,0.015129687
310-18F1,1.57E-08,6.84E-09,0.106122848
FI390V,1.58E-08,4.00E-08,0.719158189
MT151573.1,1.65E-08,3.21E-09,0.014335116
MW458912.1,1.67E-08,3.03E-09,0.031488969
2p22w47,1.67E-08,3.04E-08,0.619820922
CR9114_N5Y,1.69E-08,2.08E-09,0.01476448
AB826552.1,1.73E-08,8.56E-09,0.137166954
HM774586.1,1.85E-08,4.23E-08,0.691895345
CR9114_Y8K,1.93E-08,4.18E-09,0.019025698
CR9114_N5F,1.98E-08,3.92E-08,0.648060373
MK269777.1,2.04E-08,7.82E-08,0.811407994
AF267071.1,2.06E-08,4.19E-09,0.039013908
MW458529.1,2.12E-08,7.03E-08,0.782590928
CR9114_A1F,2.14E-08,4.50E-09,0.017541316
FI392V,2.15E-08,1.45E-08,0.235122715
MN282091.1,2.33E-08,3.43E-08,0.545857184
GU570266.1,2.42E-08,1.27E-07,0.860684448
MN285067.1,2.45E-08,1.20E-07,0.851275244
MN283023.1,2.47E-08,2.61E-08,0.413334813
KU602153.1,2.49E-08,3.48E-09,0.019087967
HM995558.1,2.51E-08,8.28E-08,0.781684942
CR9114_N5W,2.52E-08,6.47E-08,0.723176423
20A-618-30_2B06,2.53E-08,3.65E-08,0.538336936
310-18E2,2.59E-08,3.05E-08,0.484811267
MK269919.1,2.76E-08,1.11E-07,0.818793982
KJ423723.1,2.78E-08,5.45E-08,0.645718223
20A-623-30_1F03,2.84E-08,3.11E-09,0.011743073
HM774020.1,2.88E-08,4.93E-09,0.028210112
310-18E10,2.93E-08,7.85E-08,0.734070456
AY393543.1,2.97E-08,1.96E-08,0.22772879
310-18D3,2.99E-08,5.54E-09,0.032754617
310-18F7,3.10E-08,9.89E-08,0.774262957
FI400V,3.11E-08,1.06E-07,0.789256352
MN281163.1,3.15E-08,1.30E-07,0.824593773
CR9114_Y7N,3.20E-08,9.44E-08,0.757177975
CR9114_A1K,3.22E-08,1.63E-08,0.14187631
CR9114_N5C,3.27E-08,1.15E-07,0.795589658
AY393643.1,3.29E-08,8.95E-08,0.737411761
AB826515.1,3.32E-08,2.32E-09,0.000744855
CR9114_H3T,3.38E-08,3.73E-08,0.431455891
321.5.PB.5.5F06,3.44E-08,1.50E-07,0.833912901
CR9114_H3S,3.45E-08,1.49E-07,0.831504983
AB063918.1,3.45E-08,8.12E-08,0.699351498
AF174096.1,3.50E-08,8.50E-08,0.708376339
MW176573.1,3.51E-08,1.09E-07,0.767542585
MK269757.1,3.56E-08,7.00E-08,0.661796931
MN288048.1,3.60E-08,7.71E-08,0.672648313
315_05Mem_1B04,3.68E-08,9.69E-08,0.729772485
KT304472.1,3.68E-08,1.99E-07,0.86513067
AY998726.1,3.68E-08,2.19E-07,0.882128174
MK269731.1,3.74E-08,1.92E-07,0.857729436
AB027435.2,3.76E-08,2.99E-07,0.907753743
MT599823.1,3.80E-08,2.60E-07,0.89292701
MW458714.1,3.81E-08,1.98E-08,0.149551651
MN285313.1,3.87E-08,2.43E-07,0.883681712
JX420470.1,3.88E-08,4.31E-07,0.936522203
CR9114_A1Q,4.00E-08,5.56E-08,0.523803103
MN283539.1,4.03E-08,1.45E-07,0.798539301
KJ423964.1,4.12E-08,8.75E-09,0.042201359
CR9114_M12G,4.15E-08,4.34E-07,0.929802161
AY393345.1,4.16E-08,7.71E-09,0.012451304
310-18H3,4.18E-08,9.08E-08,0.676819805
MZ883086.1,4.19E-08,3.45E-07,0.910898727
AY393359.1,4.20E-08,1.42E-07,0.78751715
CR9114_Y7S,4.20E-08,1.82E-07,0.83270076
AB776831.1,4.24E-08,2.39E-07,0.870567375
54.ND.03_Heavy,4.25E-08,6.60E-08,0.585352356
CR9114_Y7G,4.26E-08,2.43E-08,0.177996156
MT599878.1,4.27E-08,7.55E-08,0.611472385
DQ100847.1,4.31E-08,2.15E-07,0.859695183
MW177265.1,4.33E-08,5.49E-07,0.944339801
MK416525.1,4.35E-08,4.17E-07,0.926343099
MW598287.1,4.38E-08,4.32E-07,0.925615871
DQ535261.1,4.41E-08,1.79E-08,0.132515261
EU099111.1,4.44E-08,1.75E-07,0.823871842
F004-143,4.45E-08,2.33E-07,0.860617575
CR9114_H3L,4.46E-08,7.72E-08,0.604259118
CR9114_Y8G,4.48E-08,6.21E-09,0.005484258
HM775047.1,4.52E-08,2.42E-07,0.863768329
JN000490.1,4.52E-08,8.65E-08,0.63754916
MK269756.1,4.58E-08,3.32E-09,0.000822922
MW655006.1,4.59E-08,5.34E-07,0.936877617
AB826522.1,4.65E-08,5.41E-07,0.936899573
KP278490.1,4.73E-08,5.55E-07,0.939891748
20A-604-30_1A08,4.75E-08,5.77E-07,0.93957377
310-18B7,4.78E-08,9.34E-09,0.014432239
KX858679.1,4.79E-08,6.60E-07,0.946755562
MH605107.1,4.84E-08,2.88E-08,0.234440575
CR9114_A1L,4.85E-08,2.44E-08,0.141066216
MW458027.1,4.92E-08,2.59E-07,0.861628964
MN284966.1,4.96E-08,2.59E-07,0.860080517
GQ504892.1,4.97E-08,2.76E-07,0.868506007
AY393604.1,4.98E-08,3.31E-07,0.889914007
MT665738.1,5.04E-08,2.48E-07,0.851645484
MK417266.1,5.09E-08,3.70E-07,0.899407151
MN281739.1,5.09E-08,7.20E-07,0.948077991
20A-609-30_1G08,5.10E-08,6.04E-07,0.938006339
CR9114_Y8Q,5.13E-08,4.16E-08,0.305187514
MN702870.1,5.14E-08,5.79E-07,0.934910913
AY179849.1,5.17E-08,1.81E-07,0.801892346
20A-518-30_1G05,5.25E-08,2.97E-08,0.175508626
MW654828.1,5.25E-08,9.72E-07,0.960304524
CR9114_H3W,5.28E-08,6.29E-08,0.46309514
MN281997.1,5.33E-08,1.96E-06,0.98074704
MN580651.1,5.37E-08,3.63E-08,0.236327359
HM774681.1,5.40E-08,9.56E-08,0.611860003
AB826551.1,5.42E-08,4.14E-07,0.904172115
MN282289.1,5.43E-08,1.01E-07,0.627594572
MW602730.1,5.45E-08,4.84E-07,0.920709688
CR9114_H3K,5.47E-08,1.71E-09,6.76E-05
MT565824.1,5.48E-08,2.95E-07,0.869963312
MW655282.1,5.50E-08,5.04E-08,0.354533568
CR9114_Y9M,5.53E-08,1.10E-06,0.962934643
MW458566.1,5.55E-08,4.18E-07,0.906648317
MW681696.1,5.56E-08,1.33E-07,0.717313509
MN283502.1,5.69E-08,8.37E-08,0.545417415
MW679376.1,5.75E-08,1.52E-07,0.730989331
MK901177.1,5.78E-08,3.21E-07,0.873811362
JQ928953.1,5.81E-08,4.09E-08,0.291178082
KJ880610.1,5.85E-08,1.08E-06,0.960383653
MW602718.1,5.86E-08,2.56E-07,0.833720122
MN281143.1,5.89E-08,5.21E-07,0.917183092
MW176597.1,5.91E-08,8.86E-08,0.552830606
MN285083.1,5.92E-08,2.89E-07,0.850922355
AB826553.1,6.01E-08,5.77E-08,0.406941295
MK416549.1,6.11E-08,1.62E-06,0.973369269
315_05Mem_1E07,6.12E-08,5.57E-07,0.919422955
MN283050.1,6.14E-08,3.24E-09,0.000319337
AF267810.1,6.17E-08,1.08E-08,0.010564537
MK417244.1,6.23E-08,3.35E-07,0.864225334
MK269433.1,6.29E-08,2.11E-07,0.78504329
MK902030.1,6.34E-08,8.86E-07,0.947503117
AY393243.1,6.35E-08,2.11E-07,0.783217674
MN281167.1,6.39E-08,8.89E-08,0.524024835
FI520V,6.42E-08,4.16E-07,0.891476217
MK269629.1,6.42E-08,7.06E-07,0.933264839
MN285444.1,6.44E-08,8.44E-08,0.501220651
MW458359.1,6.44E-08,1.40E-07,0.676999073
MN283989.1,6.47E-08,3.29E-07,0.856793467
20A-678-41_1G10,6.50E-08,1.78E-07,0.749356548
HM774946.1,6.51E-08,4.35E-07,0.890589889
GU570271.1,6.53E-08,1.43E-06,0.966382425
CR9114_Y8R,6.55E-08,1.83E-07,0.743853499
MN284975.1,6.57E-08,1.51E-06,0.968002112
AJ305231.1,6.58E-08,1.43E-07,0.67648162
310-18D4,6.59E-08,1.24E-07,0.64711768
HQ704014.1,6.60E-08,8.72E-07,0.944442479
MT665423.1,6.66E-08,2.73E-07,0.823191128
L04344.1,6.66E-08,7.26E-07,0.932666417
HQ703984.1,6.75E-08,1.55E-07,0.692129357
HM774727.1,6.75E-08,1.72E-07,0.732669257
H1N1_296-16-IgG-2A02_,6.76E-08,1.82E-07,0.735550193
MN037639.1,6.78E-08,1.40E-06,0.964400871
AF146401.1,6.80E-08,1.37E-06,0.963619616
MK269942.1,7.00E-08,3.57E-09,0.000290372
MN280806.1,7.00E-08,4.85E-07,0.894267954
MN288069.1,7.02E-08,5.71E-07,0.909907721
HM996176.1,7.04E-08,6.44E-07,0.919847922
FI3016V,7.11E-08,6.42E-07,0.918789717
MW654919.1,7.14E-08,5.35E-07,0.906183725
MK900845.1,7.14E-08,2.29E-06,0.977906929
315_05Mem_1F12,7.19E-08,1.09E-06,0.951384057
HM774091.1,7.21E-08,4.13E-07,0.87744888
20A-623-30_1F06,7.23E-08,1.81E-07,0.715449217
MN288031.1,7.25E-08,1.51E-07,0.679466662
KJ423533.1,7.27E-08,2.94E-07,0.820943736
L22156.2,7.27E-08,2.36E-07,0.778321095
FI393V,7.27E-08,1.45E-07,0.650577977
EF583667.1,7.29E-08,1.45E-07,0.649444391
HM774974.1,7.31E-08,1.25E-07,0.600915308
MN287654.1,7.37E-08,1.22E-06,0.95575911
AB826501.1,7.39E-08,1.05E-08,0.00584382
MK269537.1,7.40E-08,6.63E-07,0.918207228
MG524181.1,7.40E-08,1.06E-07,0.536632301
HM774382.1,7.46E-08,9.71E-07,0.945715585
HM996381.1,7.51E-08,1.32E-08,0.029682735
MN281042.1,7.56E-08,3.07E-07,0.821338497
HM774192.1,7.58E-08,5.94E-07,0.906493775
MK269389.1,7.63E-08,1.83E-07,0.7046629
MG879920.1,7.67E-08,1.60E-06,0.964850769
U00550.1,7.72E-08,1.45E-07,0.631411146
U64489.1,7.74E-08,6.75E-07,0.916018786
HM996141.1,7.79E-08,1.03E-06,0.944665955
MK269450.1,7.80E-08,5.58E-07,0.901615745
HM774470.1,7.82E-08,5.62E-08,0.258004228
MK900816.1,7.87E-08,2.16E-06,0.97420325
2p23w40,7.87E-08,8.02E-07,0.927984257
MW457871.1,7.88E-08,1.74E-07,0.681088285
GU570267.1,7.91E-08,8.96E-07,0.935159123
CR9114_H3A,7.92E-08,1.33E-07,0.593425847
EU099066.1,7.95E-08,2.71E-06,0.97845261
MK269451.1,7.99E-08,1.07E-07,0.510845602
MH605135.1,8.02E-08,2.37E-07,0.76773382
AF308548.1,8.06E-08,4.99E-07,0.881845962
AM279523.1,8.09E-08,2.01E-07,0.71490929
CR9114_Y6M,8.09E-08,1.05E-06,0.943403454
MK269995.1,8.10E-08,6.99E-07,0.915141037
HM774795.1,8.10E-08,4.01E-08,0.136515886
Z80841.1,8.16E-08,1.31E-07,0.595866532
AY393010.1,8.28E-08,2.68E-08,0.090663284
MN281214.1,8.29E-08,8.13E-07,0.928062545
AK097361.1,8.39E-08,2.47E-07,0.766794219
MW598293.1,8.41E-08,2.93E-06,0.978913055
DQ179657.1,8.45E-08,2.19E-06,0.971591948
KX159310.1,8.48E-08,7.44E-08,0.336971626
HQ378359.1,8.49E-08,2.15E-07,0.719792642
EU099201.1,8.55E-08,6.03E-08,0.251309837
030M_10_1F03_1,8.60E-08,1.78E-07,0.677422691
MN282074.1,8.63E-08,1.20E-06,0.9472269
MN445701.1,8.63E-08,3.53E-06,0.982023028
V3-1G10,8.64E-08,2.53E-07,0.755178828
20A-518-30_1D08,8.67E-08,1.44E-06,0.955844537
315-06-04_1D02,8.69E-08,9.79E-08,0.440365061
AJ389181.1,8.70E-08,7.81E-08,0.346993606
HM775032.1,8.71E-08,2.02E-07,0.695756688
DQ454808.1,8.73E-08,2.80E-07,0.784825453
JN000540.1,8.74E-08,5.48E-07,0.88346553
KX159312.1,8.77E-08,2.85E-07,0.778589757
CR9114_Y7R,8.81E-08,3.07E-08,0.064357402
MK416310.1,8.82E-08,4.53E-07,0.858216934
JN111013.1,8.82E-08,1.34E-06,0.951719682
KT304473.1,8.82E-08,2.84E-07,0.776726384
HM775034.1,8.93E-08,2.15E-07,0.705476525
KT304522.1,8.94E-08,3.69E-08,0.09370983
AF211928.1,8.96E-08,8.02E-07,0.918058005
AF103295.1,8.99E-08,1.58E-06,0.958101481
315_05Mem_1A10,9.01E-08,2.71E-07,0.770717547
FI182V,9.04E-08,3.79E-06,0.982474917
CR9114_M12Q,9.05E-08,3.22E-07,0.796709408
KT304358.1,9.08E-08,2.62E-07,0.751813074
310-18A3,9.09E-08,1.76E-06,0.962100117
EF583683.1,9.11E-08,9.95E-08,0.427383479
KJ423759.1,9.11E-08,1.02E-06,0.937253978
MK269576.1,9.13E-08,1.46E-07,0.576373131
MW458470.1,9.27E-08,6.10E-08,0.225849423
HM774703.1,9.28E-08,2.34E-06,0.971999715
MN280857.1,9.33E-08,3.56E-06,0.981451979
CR9114_Y7E,9.33E-08,5.04E-07,0.865075836
MK416744.1,9.33E-08,3.13E-08,0.058587476
JN376661.1,9.35E-08,3.30E-07,0.795324229
MW655017.1,9.35E-08,1.12E-07,0.466281366
10A14_1,9.36E-08,2.11E-07,0.686628855
KT304353.1,9.38E-08,1.26E-06,0.94529705
SFV014-2B06,9.39E-08,2.59E-07,0.740557766
315-53-04_1G07,9.48E-08,8.00E-07,0.913193556
KM604133.1,9.53E-08,2.68E-06,0.973882396
MK269849.1,9.59E-08,1.98E-07,0.660885406
KT304393.1,9.61E-08,3.68E-07,0.810803684
MN281344.1,9.62E-08,8.14E-07,0.913385721
MN284167.1,9.78E-08,2.35E-07,0.705656756
HM774670.1,9.80E-08,2.07E-06,0.965213545
EF624128.1,9.83E-08,3.73E-07,0.81669637
AF174065.1,9.84E-08,1.75E-06,0.958641016
JN000528.1,9.85E-08,2.29E-06,0.968356737
MN285334.1,9.87E-08,2.43E-06,0.97011168
AB067382.1,9.87E-08,2.43E-07,0.711283078
FI823V,9.89E-08,1.69E-07,0.600436436
AY003779.1,9.90E-08,1.18E-06,0.938664224
MW654597.1,9.90E-08,1.48E-06,0.950788816
EF624179.1,9.91E-08,8.20E-07,0.911506382
GQ856065.1,9.92E-08,2.09E-07,0.682134088
MN283943.1,9.94E-08,3.81E-08,0.079675846
MK270013.1,9.99E-08,5.23E-07,0.866195254
DQ926172.1,1.00E-07,2.09E-08,0.017270642
KM603931.1,1.00E-07,6.93E-07,0.894208125
DQ535387.1,1.02E-07,1.28E-06,0.941666582
AF308552.1,1.02E-07,2.05E-06,0.963529924
FI373V,1.02E-07,1.01E-07,0.386386113
MN282036.1,1.03E-07,9.76E-07,0.922773664
AY376098.1,1.03E-07,3.62E-06,0.979075094
AJ496477.1,1.03E-07,7.13E-07,0.894300031
MT151407.1,1.03E-07,2.38E-07,0.692868106
MN282835.1,1.04E-07,2.76E-07,0.731681749
JN111163.1,1.04E-07,3.19E-07,0.775488672
MK269987.1,1.04E-07,1.79E-07,0.602582909
BC026038.1,1.04E-07,6.11E-06,0.987961594
MN291803.1,1.04E-07,6.75E-07,0.886974305
FI499V,1.04E-07,3.17E-06,0.97579995
CR9114_H3C,1.04E-07,7.07E-08,0.235983145
MN281601.1,1.05E-07,9.77E-07,0.921546756
R95-1E05_1,1.05E-07,5.41E-06,0.985758518
MK416981.1,1.05E-07,5.46E-06,0.985851488
MN281293.1,1.06E-07,3.48E-06,0.978483465
mbc_T3-8A,1.06E-07,1.67E-07,0.569476301
019-10117_3E04,1.06E-07,4.74E-07,0.837097916
AJ236544.1,1.06E-07,2.74E-06,0.971553237
MW176368.1,1.07E-07,8.38E-07,0.906058752
EF407830.1,1.08E-07,1.16E-06,0.931422897
20A-678-41_2A01,1.08E-07,1.84E-07,0.598322188
315-09-08_1D10,1.08E-07,4.88E-07,0.838892701
CR9114_Y9P,1.08E-07,2.73E-08,0.028615725
HM774486.1,1.08E-07,1.91E-06,0.958261763
MN282494.1,1.09E-07,3.26E-07,0.761067243
MW679390.1,1.09E-07,1.62E-06,0.950861032
CR9114_Y7C,1.09E-07,2.34E-07,0.674035588
AY393000.1,1.09E-07,2.49E-07,0.691710692
MG524250.1,1.09E-07,9.23E-08,0.322953427
V3-3D2,1.09E-07,8.91E-07,0.909984333
HM995512.1,1.10E-07,1.85E-06,0.956386351
KP841063.1,1.10E-07,3.17E-07,0.761810445
KT304428.1,1.10E-07,2.58E-06,0.968671437
315_05Mem_1C03,1.10E-07,2.84E-07,0.736295486
KX948497.1,1.10E-07,1.15E-07,0.40892968
MN281369.1,1.10E-07,4.18E-07,0.809358204
CR9114_N5V,1.10E-07,1.31E-06,0.938117791
KX948338.1,1.10E-07,2.83E-07,0.734003504
MW655385.1,1.11E-07,1.42E-08,0.004347795
HM774939.1,1.11E-07,5.51E-06,0.985193544
K77-2D05_1,1.11E-07,1.14E-06,0.928595906
MN288041.1,1.11E-07,2.45E-06,0.96659554
MT712279.1,1.12E-07,2.83E-06,0.972162937
KJ423830.1,1.12E-07,2.52E-06,0.968584213
MN580648.1,1.12E-07,1.93E-06,0.957260994
JN111118.1,1.12E-07,1.95E-06,0.957556035
MK270033.1,1.13E-07,1.68E-06,0.950278137
20A-605-30_2C01,1.13E-07,1.45E-08,0.004316326
310-18A8,1.14E-07,4.60E-06,0.982467357
315-21-08_1A07,1.15E-07,1.76E-07,0.560612082
CR9114_A1W,1.16E-07,4.13E-08,0.107546977
MW458750.1,1.16E-07,1.19E-06,0.928900701
315-21-05M_1F06,1.16E-07,1.74E-06,0.951120684
MZ555506.1,1.16E-07,1.99E-06,0.958724056
JQ301902.1,1.16E-07,2.91E-06,0.970601589
MT565878.1,1.17E-07,7.72E-06,0.989272475
8D4_1,1.17E-07,2.09E-07,0.614630198
MW458643.1,1.17E-07,4.03E-06,0.978627445
HMLAH15,1.18E-07,2.48E-07,0.667432379
DQ100902.1,1.18E-07,4.50E-07,0.810410911
MN287659.1,1.18E-07,1.74E-06,0.952129986
HM774873.1,1.18E-07,3.66E-06,0.976236541
KT304462.1,1.18E-07,1.50E-07,0.488048381
MK269579.1,1.19E-07,2.77E-06,0.969603155
20A-604-30_1H02,1.19E-07,1.54E-07,0.519254059
AY393121.1,1.20E-07,1.03E-06,0.914858475
1p51w62,1.20E-07,6.80E-07,0.871415912
16.m.01_Heavy_1,1.20E-07,3.29E-07,0.750299735
AB067166.1,1.21E-07,7.56E-07,0.88345786
MN283004.1,1.21E-07,5.62E-06,0.984205252
16.k.01_Heavy_1,1.22E-07,3.33E-08,0.035228514
MN285216.1,1.22E-07,4.64E-07,0.809125229
MT665772.1,1.22E-07,7.02E-06,0.987184677
MN281457.1,1.23E-07,2.55E-06,0.964685406
315-21-04_1E09,1.23E-07,1.87E-07,0.557349635
MW654673.1,1.23E-07,1.16E-06,0.922148571
AY155552.1,1.24E-07,4.32E-06,0.97898551
MW457959.1,1.25E-07,8.32E-07,0.890377258
315-06-06_5E02,1.25E-07,4.63E-07,0.81284762
MN284767.1,1.25E-07,3.09E-07,0.725702029
EU794401.1,1.25E-07,8.84E-08,0.2933002
MN283235.1,1.25E-07,1.49E-06,0.938047813
Z80837.1,1.26E-07,1.58E-06,0.941536084
MW293235.1,1.26E-07,2.21E-06,0.959805132
MT151405.1,1.26E-07,7.21E-07,0.872154182
321.5.PB.5.2A06_1,1.26E-07,3.59E-07,0.748205451
AB067158.1,1.27E-07,6.36E-08,0.1406427
MN282683.1,1.27E-07,1.77E-07,0.526025492
310-18H10,1.28E-07,6.40E-06,0.985342441
EU794432.1,1.28E-07,4.06E-07,0.782787586
MN288039.1,1.28E-07,2.14E-07,0.610055852
AY393358.1,1.29E-07,1.29E-06,0.92684673
315-24-06_1G10,1.29E-07,1.35E-06,0.929891208
MW458133.1,1.29E-07,4.93E-06,0.980717857
315-06-05M_1G03,1.30E-07,1.09E-06,0.912787204
MN283391.1,1.31E-07,8.16E-07,0.882722279
321.5.GC.28.1C11_1,1.32E-07,3.46E-06,0.972077057
MT151493.1,1.32E-07,4.80E-06,0.979833464
315-24-08_1C05,1.32E-07,6.46E-08,0.134169158
MN281430.1,1.32E-07,9.92E-07,0.902368817
OK094319.1,1.32E-07,9.47E-06,0.990114726
EU099105.1,1.33E-07,7.13E-06,0.986323638
MW176619.1,1.34E-07,2.32E-07,0.621087065
315-54-05M_1D04,1.34E-07,2.89E-06,0.965825165
AY179860.1,1.35E-07,1.39E-06,0.928453684
MN281210.1,1.35E-07,1.25E-06,0.920607192
AY515004.1,1.36E-07,4.53E-07,0.784191984
Y17141.1,1.36E-07,2.10E-06,0.952350993
MN281314.1,1.38E-07,1.53E-07,0.434064227
EU667598.1,1.38E-07,7.81E-05,0.998750062
AF306354.1,1.38E-07,3.65E-07,0.729862384
HM774977.1,1.39E-07,6.72E-07,0.84952399
MW458231.1,1.39E-07,1.07E-06,0.905075909
AY179855.1,1.40E-07,1.26E-06,0.918846208
AY393108.1,1.41E-07,5.45E-07,0.820636112
KJ423810.1,1.41E-07,2.30E-07,0.584089614
JN110744.1,1.41E-07,4.80E-07,0.787846251
MW602746.1,1.41E-07,2.58E-07,0.639388088
MW458013.1,1.41E-07,3.88E-08,0.035541703
1p49w59,1.42E-07,3.48E-07,0.711615439
310-18G11,1.42E-07,2.47E-08,0.010375111
F004-108_1,1.43E-07,1.60E-07,0.467296213
MN282395.1,1.43E-07,2.77E-06,0.962019776
MN282621.1,1.43E-07,5.48E-06,0.980808454
MG524220.1,1.43E-07,9.48E-07,0.889629375
MN445657.1,1.43E-07,2.16E-06,0.951272689
Z47222.1,1.43E-07,3.70E-07,0.723995648
AY393545.1,1.44E-07,1.08E-06,0.902870434
KT304469.1,1.44E-07,1.55E-05,0.993151173
AB063864.1,1.44E-07,1.33E-05,0.992055033
AF103359.1,1.45E-07,2.54E-07,0.607465901
MK269709.1,1.45E-07,1.25E-05,0.991443081
MN288064.1,1.45E-07,1.40E-06,0.923728708
AF035025.1,1.46E-07,6.17E-06,0.982649246
KT304382.1,1.46E-07,1.25E-06,0.91463559
MK269608.1,1.46E-07,5.51E-06,0.980507684
MN281762.1,1.46E-07,2.31E-06,0.953576188
HM774477.1,1.46E-07,1.92E-06,0.944039168
70-1F02_1,1.47E-07,5.39E-07,0.803006207
KT304348.1,1.47E-07,4.80E-06,0.977493767
20A-604-30_2F08,1.47E-07,5.06E-06,0.978644
MN285465.1,1.47E-07,2.30E-06,0.95294523
315-53-06_1F01,1.48E-07,1.24E-06,0.912858079
MN283168.1,1.48E-07,1.61E-06,0.934975258
MW602770.1,1.48E-07,3.90E-07,0.729537142
AY393379.1,1.49E-07,9.34E-06,0.988305025
MW602794.1,1.49E-07,7.22E-07,0.849375074
KT304354.1,1.50E-07,1.72E-07,0.448134257
MN284859.1,1.50E-07,3.30E-07,0.694104606
DQ523957.1,1.50E-07,1.45E-07,0.411176932
AF103046.1,1.50E-07,6.10E-06,0.982623493
HM774146.1,1.50E-07,7.37E-08,0.134079346
MK269517.1,1.51E-07,3.38E-06,0.967229713
AF092498.1,1.51E-07,1.85E-06,0.940020182
HQ378390.1,1.51E-07,1.29E-06,0.914274034
AM279637.1,1.52E-07,3.13E-07,0.661102027
DQ065628.1,1.52E-07,3.11E-06,0.964168008
MW458635.1,1.53E-07,4.88E-07,0.774047666
MN284446.1,1.54E-07,3.26E-07,0.6839875
MN292323.1,1.54E-07,1.18E-06,0.904802251
310-18E8,1.54E-07,2.14E-05,0.99472577
AY866561.1,1.54E-07,4.32E-07,0.756231782
AG8-2G02,1.54E-07,4.89E-06,0.976885806
MN284722.1,1.54E-07,3.49E-07,0.689031859
KT304430.1,1.54E-07,4.20E-06,0.973044593
310-18C5,1.55E-07,3.29E-07,0.670039937
MN282442.1,1.55E-07,1.43E-07,0.392800482
KT304442.1,1.55E-07,1.28E-05,0.991101943
FJ039785.1,1.56E-07,3.01E-06,0.961984697
321.5.GC.12.3A02_1,1.56E-07,3.77E-06,0.96958145
315-24-06_1E02,1.56E-07,5.96E-06,0.980743197
MN284952.1,1.56E-07,2.56E-06,0.956845204
JX560778.1,1.56E-07,4.34E-06,0.973503313
MK270034.1,1.57E-07,8.02E-07,0.86334267
MN283992.1,1.57E-07,4.61E-06,0.975024287
20A-604-30_1F02,1.57E-07,2.30E-06,0.949771628
MT565998.1,1.57E-07,2.33E-07,0.547960058
70-1F03_1,1.57E-07,1.98E-06,0.941659361
HMLAH8,1.58E-07,4.26E-06,0.972799404
MN284580.1,1.58E-07,2.15E-06,0.946153191
EF441761.1,1.58E-07,5.47E-06,0.978821752
KJ423648.1,1.58E-07,1.33E-05,0.991274132
HM774061.1,1.58E-07,4.17E-07,0.729616287
KT304355.1,1.59E-07,1.65E-07,0.407357488
MW655160.1,1.59E-07,4.68E-06,0.975081114
AB067383.1,1.59E-07,1.18E-07,0.269954461
MW458347.1,1.60E-07,2.40E-06,0.95298481
AJ132852.1,1.60E-07,3.28E-06,0.9641422
AY393381.1,1.60E-07,1.35E-06,0.912874862
1009-3G06_1,1.61E-07,6.08E-06,0.981311729
AY393496.1,1.61E-07,3.67E-06,0.967802325
MN284257.1,1.61E-07,1.53E-07,0.368482408
MN280921.1,1.61E-07,2.70E-07,0.593028041
MN285026.1,1.61E-07,1.11E-06,0.893580538
MT565818.1,1.62E-07,2.16E-07,0.531496938
MN288029.1,1.62E-07,8.24E-06,0.985549713
MN284428.1,1.62E-07,5.59E-06,0.978679409
MW654637.1,1.63E-07,2.98E-07,0.623589183
Z34907.1,1.63E-07,2.55E-05,0.995485469
MN288046.1,1.63E-07,5.03E-06,0.97702439
MT110158.1,1.64E-07,7.64E-06,0.984236548
OK094379.1,1.64E-07,1.02E-06,0.882853532
MN281162.1,1.64E-07,5.20E-07,0.77320626
DQ454821.1,1.64E-07,5.40E-06,0.977652584
MN282544.1,1.64E-07,9.45E-07,0.873041972
HM774521.1,1.65E-07,2.42E-06,0.9500094
FI5141V,1.65E-07,2.26E-06,0.948647854
GU358670.1,1.65E-07,5.07E-06,0.976084886
315-09-06_1G05,1.66E-07,9.28E-07,0.869852511
U82961.1,1.66E-07,1.08E-06,0.887956586
MW655051.1,1.66E-07,1.61E-06,0.924415849
20A-623-30_1H01,1.66E-07,4.78E-06,0.974477847
KT304467.1,1.66E-07,3.76E-07,0.701538146
MW681724.1,1.67E-07,1.60E-06,0.923702419
AB063921.1,1.67E-07,1.36E-06,0.913079958
315-21-08_1G05,1.68E-07,9.00E-06,0.986280267
MW177279.1,1.68E-07,4.56E-07,0.747332766
MT712278.1,1.69E-07,1.19E-05,0.989606518
EF624174.1,1.69E-07,6.52E-06,0.980945399
JN000534.1,1.69E-07,2.60E-07,0.562551139
MN044278.1,1.69E-07,2.44E-06,0.949069879
MW718351.1,1.70E-07,5.55E-06,0.977517954
MW602698.1,1.70E-07,9.86E-07,0.879110675
MW458083.1,1.70E-07,3.68E-06,0.966099261
MN282913.1,1.70E-07,6.90E-08,0.090398622
MN283024.1,1.70E-07,6.76E-06,0.98150196
MN291813.1,1.70E-07,4.49E-07,0.729480054
HM774667.1,1.71E-07,3.24E-06,0.961354358
AY393688.1,1.71E-07,6.59E-06,0.980965792
KX948679.1,1.71E-07,4.90E-06,0.974370662
MN285177.1,1.71E-07,5.20E-07,0.763730452
MN285036.1,1.71E-07,4.92E-07,0.750952868
MK269413.1,1.72E-07,1.55E-05,0.991834366
AB066946.1,1.72E-07,7.06E-07,0.823061272
AY539808.1,1.72E-07,1.16E-07,0.23395335
MW177247.1,1.72E-07,2.65E-07,0.561824628
HM995306.1,1.73E-07,4.28E-06,0.970257955
MN867976.1,1.74E-07,1.24E-05,0.989675159
MW654658.1,1.74E-07,4.88E-07,0.755367569
AY393133.1,1.74E-07,3.09E-06,0.960195077
U00502.1,1.74E-07,3.95E-06,0.967522294
MN281177.1,1.75E-07,5.02E-06,0.974403156
KT304538.1,1.76E-07,2.49E-05,0.994790652
EU090241.1,1.76E-07,4.26E-07,0.706513623
MN280818.1,1.77E-07,3.42E-07,0.641244485
1C06_,1.77E-07,1.28E-06,0.899014991
MW458669.1,1.77E-07,3.31E-07,0.62970955
EF583663.1,1.77E-07,1.42E-05,0.990859802
MN284108.1,1.77E-07,7.25E-07,0.829856091
MW177243.1,1.77E-07,3.14E-07,0.612018513
AY393001.1,1.77E-07,2.90E-06,0.955086028
MG524212.1,1.78E-07,2.08E-06,0.937145846
MN283843.1,1.78E-07,3.64E-06,0.964097511
20A-618-30_1D04,1.78E-07,9.14E-07,0.863504947
MN285195.1,1.78E-07,8.43E-06,0.984461129
U00518.1,1.79E-07,6.32E-06,0.979233253
MW587462.1,1.79E-07,2.59E-07,0.538177162
MN281037.1,1.79E-07,1.97E-06,0.935851129
MW293168.1,1.80E-07,4.84E-07,0.735336701
AY376092.1,1.80E-07,4.53E-06,0.970806887
AY393123.1,1.81E-07,8.86E-07,0.851514066
MN282651.1,1.82E-07,1.80E-05,0.992588835
MN283292.1,1.82E-07,4.02E-07,0.69537052
KF895811.1,1.82E-07,5.11E-06,0.973841989
MK269563.1,1.82E-07,7.17E-07,0.815741646
MN281765.1,1.83E-07,1.28E-05,0.989540928
MN290672.1,1.83E-07,1.09E-05,0.987645553
MW655275.1,1.84E-07,3.09E-06,0.956168783
FI431V,1.85E-07,3.59E-06,0.962287246
MW655162.1,1.85E-07,1.31E-05,0.989627371
MK269943.1,1.85E-07,3.89E-07,0.666818623
MW679378.1,1.85E-07,3.49E-06,0.961065189
AF021950.1,1.85E-07,2.09E-06,0.934931253
GU570264.1,1.86E-07,5.63E-06,0.975759829
DQ926344.1,1.86E-07,1.78E-05,0.992300243
MN281808.1,1.86E-07,3.82E-06,0.965545329
HQ378381.1,1.86E-07,2.44E-05,0.994395664
AY393518.1,1.86E-07,1.11E-05,0.987697126
CR9114_A1H,1.87E-07,3.89E-07,0.663529405
KT304471.1,1.87E-07,4.97E-07,0.730921726
MW681716.1,1.88E-07,2.94E-06,0.953107182
047_10M_2D03_1,1.88E-07,4.61E-07,0.722723506
MW457680.1,1.88E-07,7.79E-06,0.982919989
AB066893.1,1.88E-07,1.16E-07,0.203701345
MK269759.1,1.89E-07,1.23E-07,0.263869609
MK901853.1,1.89E-07,3.66E-06,0.962079784
HM995304.1,1.89E-07,1.20E-06,0.888942825
MW458430.1,1.89E-07,1.27E-05,0.989095499
KT304502.1,1.90E-07,8.84E-06,0.984200537
HM774071.1,1.91E-07,1.25E-06,0.892560957
U00583.1,1.91E-07,1.13E-05,0.987597083
AY393355.1,1.91E-07,7.67E-06,0.98167044
MW271485.1,1.91E-07,8.00E-07,0.826526944
MW458196.1,1.91E-07,7.87E-07,0.830594989
AY155556.1,1.92E-07,3.15E-05,0.995522357
H1N1_301-16-IgG-2B04_,1.92E-07,2.42E-06,0.944130761
MT151579.1,1.92E-07,2.52E-06,0.94410158
20A-620-30_1F10,1.93E-07,3.33E-06,0.957491516
FJ492911.1,1.94E-07,7.41E-06,0.980798633
MK269436.1,1.94E-07,4.51E-06,0.968405236
EU099165.1,1.94E-07,3.86E-05,0.996447723
MN282910.1,1.94E-07,5.41E-07,0.753935861
HQ378412.1,1.94E-07,1.64E-06,0.916445867
JN111104.1,1.94E-07,1.40E-05,0.989757555
AF408721.2,1.95E-07,1.06E-06,0.865812371
MG524040.1,1.95E-07,2.16E-07,0.433775999
KT304541.1,1.95E-07,3.13E-06,0.955978714
01.t.01_Heavy,1.95E-07,1.29E-06,0.889055316
AY376075.1,1.95E-07,2.61E-07,0.532726366
MN284524.1,1.96E-07,2.63E-06,0.945393777
MN291236.1,1.96E-07,6.48E-07,0.782137667
I8-1B6,1.96E-07,3.50E-06,0.958749662
HM774700.1,1.96E-07,1.14E-05,0.987786268
MW655278.1,1.96E-07,4.97E-08,0.028942456
MT665562.1,1.97E-07,1.64E-05,0.9911976
MW458651.1,1.97E-07,1.09E-05,0.986752864
MN284079.1,1.97E-07,2.10E-06,0.931183152
315-24-04_1B09,1.97E-07,5.25E-07,0.732681027
MT599869.1,1.97E-07,6.44E-07,0.77931182
321.5.PB.5.2H02_1,1.98E-07,1.78E-07,0.348076975
HQ378392.1,1.99E-07,5.17E-06,0.971723862
KT304465.1,1.99E-07,2.09E-06,0.930014267
MN284836.1,2.00E-07,2.03E-06,0.927783976
MW655277.1,2.00E-07,1.83E-06,0.919704514
DQ523910.1,2.01E-07,7.17E-07,0.797787922
MK673467.1,2.01E-07,6.93E-07,0.790674726
AY393352.1,2.01E-07,1.91E-06,0.922896009
CR9114_N5I,2.01E-07,7.34E-07,0.801871044
KT304373.1,2.01E-07,1.57E-07,0.289154405
AF028097.1,2.01E-07,1.15E-07,0.178391641
JN111042.1,2.02E-07,5.34E-06,0.972276683
MW458368.1,2.02E-07,1.96E-06,0.924673437
KX948564.1,2.02E-07,3.65E-06,0.959325315
AY561708.1,2.02E-07,6.23E-06,0.976115235
321.4.GC.12.3B04_1,2.03E-07,4.16E-07,0.659224484
042_10_4D02_1,2.03E-07,1.44E-05,0.990048207
MN285061.1,2.03E-07,1.24E-05,0.987929435
MH605122.1,2.04E-07,1.26E-05,0.988159196
MK269948.1,2.04E-07,4.29E-05,0.996496289
EU549728.1,2.05E-07,3.22E-07,0.570493852
MT151574.1,2.05E-07,4.73E-06,0.968170125
EF583662.1,2.05E-07,1.40E-06,0.892539407
MN285079.1,2.05E-07,2.84E-06,0.947051824
MK269972.1,2.06E-07,1.73E-06,0.912685955
MW802425.1,2.06E-07,1.27E-05,0.98807245
MW654994.1,2.06E-07,2.48E-05,0.993893001
MW458155.1,2.06E-07,9.71E-06,0.985000865
DQ065656.1,2.06E-07,5.87E-06,0.974178564
MK269949.1,2.07E-07,3.85E-06,0.960424304
CR9114_Y7T,2.07E-07,9.81E-06,0.984470372
CR9114_Y6D,2.07E-07,1.48E-05,0.989706188
AB063758.1,2.08E-07,1.01E-05,0.984881807
MW177368.1,2.08E-07,7.44E-07,0.797772976
039_10_4B04_1,2.09E-07,2.30E-05,0.993342547
KT304420.1,2.10E-07,3.51E-05,0.995612346
MW655225.1,2.10E-07,1.89E-05,0.991815845
20A-605-30_1F07,2.10E-07,2.69E-05,0.994268536
MW458903.1,2.10E-07,1.08E-06,0.858030091
315-54-05M_1B11,2.11E-07,6.03E-06,0.975294174
310-18C9,2.11E-07,1.11E-06,0.866748919
20A-609-30_1F11,2.11E-07,1.00E-05,0.984480821
AF028100.1,2.12E-07,1.02E-06,0.848262431
MW458450.1,2.12E-07,2.44E-06,0.93864104
JN110845.1,2.14E-07,7.00E-06,0.978424975
CR9114_D13T,2.14E-07,4.99E-05,0.99684992
MW655209.1,2.14E-07,3.76E-06,0.958189168
AF004321.1,2.14E-07,4.78E-06,0.967050332
MW458172.1,2.14E-07,7.21E-06,0.978145983
AB063906.1,2.15E-07,4.43E-07,0.660776052
MN281716.1,2.15E-07,2.84E-06,0.944417003
HM774498.1,2.16E-07,2.05E-05,0.992554652
310-18A4,2.16E-07,2.87E-05,0.994465799
MW457758.1,2.16E-07,6.29E-07,0.763736331
MN281146.1,2.17E-07,1.22E-06,0.870054012
MW458335.1,2.17E-07,1.92E-05,0.991988743
AY376091.1,2.17E-07,2.00E-05,0.992009941
AJ437669.1,2.17E-07,7.51E-06,0.978737182
FI3005V,2.18E-07,2.75E-07,0.511334588
FJ039781.1,2.18E-07,1.82E-05,0.991193199
MW602762.1,2.19E-07,6.30E-06,0.974492693
AJ252274.1,2.19E-07,1.14E-05,0.985883799
AB067333.1,2.19E-07,2.05E-05,0.992160431
JN000684.1,2.19E-07,2.84E-06,0.945504317
AY179840.1,2.20E-07,3.04E-07,0.522293728
MN283360.1,2.20E-07,7.10E-07,0.777180611
AF460718.1,2.20E-07,3.53E-05,0.995418298
CR9114_Y6Q,2.20E-07,5.72E-07,0.725615088
AF267069.1,2.20E-07,3.30E-06,0.951016991
KT304360.1,2.21E-07,1.17E-07,0.155085449
KM067709.1,2.21E-07,1.50E-06,0.892317039
MN280882.1,2.21E-07,1.07E-05,0.9853686
20A-604-30_1G01,2.21E-07,2.56E-07,0.450766717
AY393495.1,2.22E-07,1.46E-06,0.889067729
20A-618-30_1G05,2.22E-07,3.21E-07,0.539827789
HQ704006.1,2.22E-07,2.79E-07,0.484310124
AY179850.1,2.22E-07,3.02E-06,0.948037608
HQ378368.1,2.23E-07,1.22E-05,0.986636894
HM774733.1,2.23E-07,2.81E-06,0.94168291
EF624076.1,2.23E-07,4.84E-06,0.966158028
JN111154.1,2.23E-07,1.73E-05,0.990534508
GQ903501.1,2.23E-07,4.90E-06,0.966528314
KF895803.1,2.23E-07,5.34E-07,0.704045727
KJ880345.1,2.23E-07,1.98E-07,0.34184848
HM774038.1,2.24E-07,3.16E-06,0.947980532
MG524243.1,2.24E-07,1.38E-06,0.881857243
DQ926325.1,2.24E-07,2.69E-06,0.938828338
MK269762.1,2.24E-07,2.62E-06,0.937154435
MW655216.1,2.25E-07,3.20E-06,0.948470222
MN284301.1,2.25E-07,6.01E-06,0.972536747
MN281526.1,2.25E-07,4.58E-06,0.963914133
MN284536.1,2.25E-07,5.84E-06,0.971617025
315-02-08_1C03,2.26E-07,1.14E-05,0.985455789
315-09-06_1D09,2.26E-07,7.39E-06,0.977545919
MN288045.1,2.26E-07,7.33E-06,0.977369314
KT304524.1,2.26E-07,1.51E-06,0.890599502
AJ239372.1,2.26E-07,5.25E-05,0.996841735
MK269674.1,2.26E-07,3.23E-06,0.948583736
MH605118.1,2.26E-07,6.40E-06,0.974013976
F057-224,2.27E-07,6.11E-07,0.735485469
MN281559.1,2.27E-07,1.36E-05,0.987698824
MW176591.1,2.27E-07,4.80E-06,0.96521946
KT304338.1,2.28E-07,1.45E-05,0.988489295
MN288034.1,2.28E-07,5.92E-07,0.725788254
MN287619.1,2.28E-07,1.05E-06,0.842595388
HM774032.1,2.28E-07,8.26E-06,0.979673808
MN291166.1,2.29E-07,1.51E-05,0.988835534
MK269509.1,2.29E-07,1.68E-05,0.989987343
KT304346.1,2.29E-07,5.76E-06,0.970776887
AY393514.1,2.29E-07,1.19E-05,0.985820298
MG524152.1,2.29E-07,5.28E-06,0.968102687
EU667599.1,2.29E-07,2.07E-06,0.918967531
DQ100912.1,2.30E-07,7.28E-08,0.051088413
CR9114_Y6R,2.30E-07,6.95E-07,0.762503774
MN283252.1,2.30E-07,9.87E-06,0.982871886
20A-620-30_2F11,2.31E-07,1.17E-06,0.856225814
MW655165.1,2.31E-07,1.60E-06,0.894640372
MW176565.1,2.31E-07,6.01E-06,0.971707584
mbc_T1-10A,2.32E-07,4.56E-06,0.962708809
MN284533.1,2.32E-07,6.86E-05,0.997516792
HM774656.1,2.32E-07,1.15E-05,0.985238108
MN288075.1,2.32E-07,6.35E-07,0.739131704
20A-609-30_2D12,2.32E-07,9.69E-06,0.982369635
MW802445.1,2.32E-07,4.81E-06,0.964494687
MN282360.1,2.32E-07,9.49E-07,0.822374531
DQ109968.1,2.33E-07,7.41E-07,0.773597116
MW457657.1,2.33E-07,4.16E-06,0.958877816
AB063871.1,2.33E-07,7.76E-06,0.977893504
AK097364.1,2.34E-07,3.52E-05,0.995128205
MW458726.1,2.34E-07,2.85E-06,0.939637389
AB063914.1,2.36E-07,5.15E-06,0.966352858
AB826520.1,2.36E-07,9.15E-07,0.813244653
MN285114.1,2.36E-07,1.91E-06,0.912901628
DQ454620.1,2.36E-07,3.84E-08,0.008653594
MW457753.1,2.37E-07,6.56E-07,0.741945963
JN110805.1,2.37E-07,3.29E-06,0.947015727
150055-010_2G01_1,2.38E-07,3.28E-06,0.946767986
MT151436.1,2.39E-07,4.78E-06,0.964724623
KT304426.1,2.40E-07,5.41E-07,0.700946502
MW293225.1,2.40E-07,1.18E-05,0.985659363
AJ413995.1,2.40E-07,1.89E-05,0.990681411
MN867979.1,2.41E-07,6.62E-06,0.973307887
MG524161.1,2.41E-07,4.42E-06,0.959867717
AF308542.1,2.42E-07,1.76E-06,0.899311674
KF895799.1,2.42E-07,7.54E-06,0.976434388
MW602802.1,2.42E-07,4.50E-07,0.644706747
KX948304.1,2.43E-07,3.66E-08,0.021948838
CR9114_Y9W,2.43E-07,2.43E-06,0.926683265
U82952.1,2.43E-07,9.55E-07,0.815304765
MK269968.1,2.43E-07,1.81E-05,0.990118534
AY393229.1,2.44E-07,6.52E-06,0.972549969
FI339V,2.45E-07,5.86E-06,0.969286839
MW176466.1,2.45E-07,6.89E-07,0.756003195
FI152V,2.45E-07,4.54E-07,0.626844631
MN283829.1,2.45E-07,7.97E-08,0.054221069
KX948708.1,2.46E-07,3.54E-07,0.558179809
AY179848.1,2.47E-07,6.93E-06,0.973777904
321.11.GC.6.2A08_1,2.47E-07,7.76E-06,0.976593544
HM774781.1,2.47E-07,6.29E-06,0.971133941
MT151447.1,2.48E-07,2.35E-06,0.922400455
CR9114_N5P,2.50E-07,1.68E-05,0.989094919
MN280963.1,2.50E-07,7.07E-06,0.974021472
MN292311.1,2.50E-07,2.01E-05,0.991226118
MN288050.1,2.52E-07,6.89E-07,0.749379875
315-09-05M_1C10,2.52E-07,4.95E-06,0.962560866
315-54-05M_1H04,2.52E-07,2.88E-06,0.938026397
L23561.1,2.53E-07,1.21E-05,0.984577274
KT304492.1,2.53E-07,8.47E-06,0.97802465
MN283864.1,2.54E-07,4.24E-07,0.592280183
MW654661.1,2.54E-07,2.30E-06,0.919129926
MK416474.1,2.54E-07,3.52E-06,0.946976138
DQ100705.1,2.54E-07,2.65E-06,0.929495049
JQ301906.1,2.54E-07,1.86E-07,0.26471276
EU619968.1,2.54E-07,5.84E-06,0.969178886
AB063701.1,2.54E-07,2.40E-05,0.992212964
MK269474.1,2.55E-07,6.43E-06,0.970919605
HM774167.1,2.55E-07,7.42E-07,0.763892113
MW293169.1,2.55E-07,7.80E-06,0.975969952
MW458124.1,2.55E-07,1.47E-06,0.873544346
MN283258.1,2.56E-07,4.68E-05,0.996134335
20A-623-30_1G03,2.56E-07,2.96E-06,0.936541679
DQ535398.1,2.58E-07,1.11E-06,0.830471715
MZ126644.1,2.58E-07,3.30E-06,0.942548987
315-06-05M_1H05,2.59E-07,2.08E-05,0.990836778
310-18H7,2.60E-07,4.70E-06,0.96092775
MW718427.1,2.61E-07,1.10E-05,0.982602385
MN288032.1,2.61E-07,1.54E-05,0.987537527
HM774757.1,2.61E-07,2.07E-05,0.990727572
GU570270.1,2.61E-07,2.81E-06,0.931919045
MN292395.1,2.61E-07,4.62E-06,0.958498231
MN285333.1,2.61E-07,2.68E-06,0.928543187
MK433883.1,2.62E-07,5.48E-07,0.664807754
AF308561.1,2.63E-07,1.50E-06,0.872157999
MN284556.1,2.63E-07,5.64E-07,0.67325137
EU090245.1,2.63E-07,2.20E-05,0.991524054
MK269505.1,2.64E-07,6.13E-06,0.968385066
321.5.GC.12.4B07_1,2.64E-07,1.39E-06,0.867395777
315-02-08_1A06,2.64E-07,1.21E-05,0.984619202
AB067022.1,2.64E-07,1.17E-06,0.835621172
MH605125.1,2.64E-07,6.48E-07,0.71103999
DQ100811.1,2.64E-07,2.62E-07,0.38819405
MK416841.1,2.65E-07,1.74E-05,0.9888338
MW176202.1,2.66E-07,1.37E-06,0.864443693
MW458285.1,2.66E-07,4.62E-06,0.957728886
MW458502.1,2.66E-07,2.00E-05,0.990222563
AY393356.1,2.67E-07,1.27E-06,0.846644403
DQ535284.1,2.67E-07,9.80E-06,0.979980402
MN281487.1,2.67E-07,2.77E-07,0.40489731
321.5.PB.5.6B02_1,2.68E-07,4.05E-05,0.995137657
315-24-04_1F08,2.68E-07,3.17E-06,0.940307236
HM222540.1,2.68E-07,2.33E-05,0.991539851
20A-620-30_1B10,2.68E-07,2.51E-06,0.921624267
MT151494.1,2.68E-07,5.07E-05,0.996104968
AB067012.1,2.69E-07,9.64E-07,0.806752978
HM995600.1,2.69E-07,3.38E-06,0.941619508
AK097363.1,2.70E-07,7.71E-06,0.974253808
CR9114_Y6C,2.71E-07,1.17E-06,0.831739218
AY179836.1,2.71E-07,7.67E-07,0.747596355
DQ523992.1,2.71E-07,5.11E-06,0.960983343
HM774533.1,2.72E-07,6.65E-05,0.99699399
MN282980.1,2.72E-07,3.86E-07,0.553638231
MN287689.1,2.73E-07,9.07E-07,0.783274936
MW176419.1,2.73E-07,3.09E-06,0.935328497
MN288079.1,2.73E-07,3.74E-07,0.517644831
AJ414001.1,2.74E-07,3.81E-06,0.947200092
MN284338.1,2.74E-07,2.03E-06,0.901111173
FJ385306.1,2.74E-07,5.57E-07,0.656076703
MK497833.1,2.75E-07,4.58E-06,0.957605332
M18519.1,2.75E-07,1.28E-06,0.844046454
AY927663.1,2.75E-07,7.01E-06,0.971184847
315-53-08_1D04,2.75E-07,6.28E-07,0.691069449
HM995561.1,2.76E-07,9.49E-06,0.978637981
FJ385431.1,2.76E-07,6.66E-07,0.706699576
321.5.PB.5.5A04_1,2.76E-07,3.57E-06,0.943250622
AF021992.1,2.77E-07,1.56E-05,0.987465851
EU099136.1,2.78E-07,6.35E-07,0.6910245
AJ555262.1,2.78E-07,8.46E-07,0.764089974
3809,2.78E-07,9.54E-07,0.789679621
MW458684.1,2.78E-07,7.24E-06,0.971764597
310-18A5,2.79E-07,2.94E-06,0.932949687
AY281329.1,2.79E-07,3.46E-06,0.940698717
MW587378.1,2.80E-07,9.34E-07,0.78397452
AB066944.1,2.80E-07,4.39E-05,0.995485729
AY866684.1,2.80E-07,3.25E-07,0.452040198
150055-037_4F05_1,2.81E-07,1.67E-05,0.987684926
MN281564.1,2.81E-07,2.01E-06,0.897670973
315-21-06_1G07,2.81E-07,4.93E-06,0.958067881
MN281737.1,2.81E-07,6.65E-06,0.96890769
AF174042.1,2.82E-07,1.30E-05,0.98405749
MN280891.1,2.82E-07,9.95E-07,0.795345034
20A-620-30_2G09,2.82E-07,4.55E-06,0.954438638
X98903.1,2.82E-07,1.86E-05,0.988846553
FI174V,2.83E-07,2.25E-07,0.297996929
MN281683.1,2.84E-07,1.82E-06,0.890791514
KT304391.1,2.84E-07,1.78E-06,0.883479886
HM774421.1,2.84E-07,3.89E-06,0.94634066
MW654966.1,2.85E-07,1.05E-05,0.980112782
HM773974.1,2.85E-07,4.08E-06,0.948774938
MT565764.1,2.86E-07,2.80E-06,0.925268346
FI12V,2.86E-07,1.44E-06,0.855401191
AY393115.1,2.86E-07,7.39E-06,0.971532343
EU099219.1,2.86E-07,2.53E-05,0.991990531
MW654894.1,2.87E-07,6.52E-05,0.996767845
KM067713.1,2.87E-07,8.86E-06,0.976181768
315-06-04_1B12,2.87E-07,1.92E-06,0.890504441
MW458341.1,2.88E-07,1.30E-05,0.983745196
2G1,2.88E-07,7.20E-06,0.970640634
MW655166.1,2.88E-07,5.14E-07,0.631809261
AB066949.1,2.88E-07,4.18E-07,0.540684398
MN285276.1,2.89E-07,2.29E-05,0.990740999
EU099128.1,2.89E-07,2.43E-05,0.991587007
MN284305.1,2.90E-07,4.53E-05,0.995299032
030_09M_1D06_1,2.90E-07,1.45E-05,0.98532822
20A-604-30_1A04,2.91E-07,5.83E-06,0.964732453
MN281533.1,2.91E-07,1.68E-06,0.878012874
MN283450.1,2.92E-07,1.29E-05,0.983384755
MW926403.1,2.92E-07,1.28E-06,0.834650892
321.11.PB.6.4H03_1,2.92E-07,1.26E-06,0.831117237
310-18C2,2.93E-07,8.53E-06,0.9747668
MN282115.1,2.93E-07,1.12E-05,0.980803929
MW718441.1,2.94E-07,4.76E-05,0.995466235
315-09-08_1E10,2.94E-07,6.87E-06,0.968584899
U64484.1,2.94E-07,5.24E-07,0.631339353
HM994992.1,2.94E-07,3.52E-06,0.938643871
MN282773.1,2.94E-07,3.17E-05,0.993186815
HQ378369.1,2.95E-07,1.54E-05,0.985953298
SFV015_1A01_1,2.95E-07,8.18E-05,0.997346383
MN395521.1,2.96E-07,1.24E-05,0.982466082
MW458218.1,2.96E-07,1.22E-05,0.982081777
MK434059.1,2.97E-07,5.41E-06,0.959695497
MN280947.1,2.97E-07,3.41E-06,0.936092961
AB066938.1,2.97E-07,5.79E-07,0.643227815
MN288066.1,2.97E-07,1.95E-05,0.988782047
MG524306.1,2.98E-07,7.98E-06,0.972580365
JN110763.1,2.98E-07,2.42E-05,0.990948315
KC417405.1,2.98E-07,2.46E-05,0.991086515
AB067019.1,3.00E-07,2.51E-05,0.991221922
CR9114_Y6H,3.00E-07,7.39E-07,0.712417431
MT565810.1,3.00E-07,3.16E-06,0.930363398
MN284494.1,3.00E-07,8.01E-07,0.732762791
MN282423.1,3.00E-07,1.88E-05,0.988235424
FI4004V,3.00E-07,4.30E-06,0.948752929
CR9114_Y6V,3.00E-07,3.62E-06,0.939118695
MH349612.1,3.00E-07,1.22E-05,0.981946663
MW176157.1,3.00E-07,1.07E-05,0.97928281
MT151585.1,3.01E-07,5.41E-06,0.960714624
AY393504.1,3.01E-07,6.72E-06,0.967040574
EF583677.1,3.02E-07,6.31E-07,0.665308574
MK269947.1,3.03E-07,4.37E-07,0.538459396
MH500133.1,3.04E-07,4.53E-06,0.950795493
MW176508.1,3.04E-07,9.60E-07,0.78113727
MW458620.1,3.05E-07,4.48E-06,0.950016849
321.4.GC.5.2H01_1,3.06E-07,0.000110242,0.997957102
MN993506.1,3.06E-07,2.87E-06,0.92480486
AB067371.1,3.07E-07,3.47E-05,0.993507716
AY393269.1,3.07E-07,2.05E-06,0.89034541
315-54-06_4C08,3.07E-07,3.69E-05,0.993882462
KU602433.1,3.08E-07,1.37E-05,0.983480901
HM995520.1,3.08E-07,2.20E-05,0.990069702
MG879696.1,3.09E-07,7.43E-06,0.969415302
HM774304.1,3.10E-07,6.04E-06,0.962346201
MW655281.1,3.10E-07,2.61E-07,0.319741031
MN290627.1,3.12E-07,1.36E-06,0.833509345
MT665466.1,3.13E-07,1.01E-05,0.977337823
MN281763.1,3.13E-07,4.22E-05,0.994549587
MN281101.1,3.14E-07,7.17E-07,0.691382028
JN111043.1,3.14E-07,1.49E-06,0.846759509
HM774051.1,3.14E-07,3.41E-05,0.993216179
MW654815.1,3.15E-07,1.54E-05,0.984931921
MK269992.1,3.15E-07,2.20E-05,0.989465455
AY376104.1,3.15E-07,2.90E-05,0.992017796
KT304440.1,3.15E-07,5.76E-07,0.621865411
K77-2C12_1,3.16E-07,2.19E-05,0.98938915
DQ454937.1,3.16E-07,4.14E-05,0.994382233
HM774206.1,3.16E-07,9.00E-06,0.974181263
AB826547.1,3.16E-07,6.99E-06,0.966752109
KT304331.1,3.17E-07,2.41E-05,0.990330926
AF267759.1,3.18E-07,0.000126127,0.998149069
MN280823.1,3.19E-07,2.15E-05,0.989103779
MW655381.1,3.19E-07,1.63E-06,0.857309331
MG819655.1,3.19E-07,2.93E-05,0.992006349
EU549730.1,3.19E-07,1.01E-06,0.77336882
AF103052.1,3.20E-07,8.64E-06,0.97383192
AY393667.1,3.20E-07,9.59E-05,0.997546611
KT304460.1,3.20E-07,2.67E-05,0.991187871
310-18A9,3.21E-07,8.08E-06,0.970843535
CR9114_Y9C,3.21E-07,9.16E-06,0.974252052
AB826555.1,3.22E-07,2.43E-05,0.990262209
20A-518-30_1D07,3.22E-07,3.17E-05,0.99252692
AY393009.1,3.22E-07,4.77E-06,0.950383273
HM994898.1,3.22E-07,3.83E-06,0.938197951
MK269490.1,3.22E-07,2.78E-06,0.915091483
KF895809.1,3.22E-07,6.47E-05,0.996333765
MN285388.1,3.23E-07,4.38E-06,0.945889861
3p4w35,3.23E-07,7.69E-05,0.997032756
AY393128.1,3.23E-07,0.000112426,0.997888532
CR9114_Y7K,3.23E-07,7.36E-05,0.996774937
MN285347.1,3.24E-07,8.05E-07,0.714694733
MN285450.1,3.24E-07,1.17E-05,0.979626558
L23555.1,3.25E-07,4.79E-05,0.995016224
MG524025.1,3.26E-07,5.66E-05,0.995769263
MW177241.1,3.26E-07,2.77E-05,0.99137177
AB063757.1,3.26E-07,9.20E-05,0.997394874
MN282095.1,3.26E-07,0.000533624,0.999568024
HM116184.1,3.26E-07,1.05E-05,0.977184934
AF115114.1,3.26E-07,1.39E-05,0.982710251
Z47227.1,3.26E-07,5.27E-06,0.954513639
039_10_5G02_1,3.27E-07,1.06E-05,0.977324812
HM995678.1,3.27E-07,3.15E-05,0.992366151
CR9114_Y6E,3.28E-07,0.000158432,0.998475836
20A-618-30_1C04,3.29E-07,7.01E-07,0.670702365
AF062105.1,3.30E-07,1.29E-05,0.981179337
HM774129.1,3.30E-07,3.11E-05,0.992212066
315-06-06_1C05,3.30E-07,5.28E-05,0.995586558
HM774962.1,3.31E-07,2.71E-05,0.991023036
MT594070.1,3.33E-07,4.94E-06,0.950471646
051_09_4E06_1,3.33E-07,2.25E-05,0.989105627
AY155558.1,3.34E-07,2.40E-06,0.898018299
MT151587.1,3.34E-07,1.09E-05,0.97745792
R95-1G02,3.34E-07,8.34E-07,0.715378884
029_09_4A01_1,3.34E-07,6.69E-06,0.963274264
W85-3H03_1,3.35E-07,1.05E-05,0.976507331
MW587504.1,3.35E-07,7.52E-06,0.967254827
AJ238327.1,3.35E-07,5.31E-05,0.995364725
MT565774.1,3.35E-07,1.74E-05,0.985819329
MK269417.1,3.35E-07,6.58E-07,0.645619098
315-21-08_1C07,3.36E-07,1.40E-05,0.982311809
KX948555.1,3.36E-07,9.92E-06,0.975113132
CR9114_Y6N,3.36E-07,5.45E-05,0.995638368
MW176486.1,3.37E-07,0.000150177,0.998350619
U63214.1,3.38E-07,6.92E-06,0.964177029
HM774529.1,3.38E-07,7.41E-05,0.996648436
KX496852.1,3.38E-07,6.16E-05,0.996114383
MW654909.1,3.39E-07,1.54E-05,0.983858921
GQ504941.1,3.39E-07,5.20E-06,0.952061823
MN283957.1,3.40E-07,1.57E-06,0.842002116
MN291130.1,3.41E-07,1.49E-05,0.983231682
MW176270.1,3.41E-07,8.47E-06,0.971560385
MK900976.1,3.41E-07,1.94E-06,0.872020766
20A-605-30_1F08,3.41E-07,9.09E-06,0.972436102
MN281723.1,3.41E-07,5.93E-07,0.60572318
MN282638.1,3.42E-07,3.16E-06,0.920659394
321.11.PB.6.1H03_1,3.42E-07,5.32E-05,0.995281013
KX986423.1,3.42E-07,4.75E-06,0.949213438
MW602744.1,3.42E-07,1.27E-06,0.805323335
HM774743.1,3.42E-07,9.45E-05,0.997340184
HM774268.1,3.43E-07,0.00019012,0.998724017
HM774076.1,3.43E-07,1.32E-05,0.981651636
AB067170.1,3.44E-07,7.81E-05,0.99675851
BC069016.1,3.45E-07,8.89E-07,0.724140275
EU099141.1,3.45E-07,5.89E-06,0.956978567
321.5.GC.28.1D02_1,3.47E-07,4.46E-06,0.94288023
HM774140.1,3.47E-07,4.68E-06,0.947618459
315-09-05M_1D02,3.47E-07,2.88E-05,0.991142014
MW177286.1,3.47E-07,2.17E-06,0.883158706
321.5.GC.12.3C10_1,3.48E-07,9.11E-07,0.728183486
MG524042.1,3.48E-07,2.94E-06,0.91333095
KT304463.1,3.48E-07,5.74E-06,0.955442343
L12096.1,3.49E-07,1.36E-05,0.981217521
MN283484.1,3.49E-07,1.12E-06,0.775442839
KT304534.1,3.49E-07,1.28E-06,0.8025428
MN281436.1,3.49E-07,6.37E-06,0.961244692
MN282945.1,3.49E-07,4.56E-05,0.994371332
KX948319.1,3.50E-07,8.20E-05,0.996864691
321.5.PB.5.7C11_1,3.50E-07,4.02E-05,0.993604151
MN282081.1,3.50E-07,8.45E-07,0.706270448
MN283167.1,3.51E-07,4.29E-06,0.939987447
MK269706.1,3.51E-07,1.23E-06,0.793988524
315_05Mem_1E03,3.51E-07,9.48E-06,0.972760874
AJ236548.1,3.51E-07,3.79E-06,0.932030469
MN285508.1,3.52E-07,2.15E-06,0.880526145
EU099175.1,3.54E-07,5.92E-05,0.995607533
MK416798.1,3.55E-07,0.000774164,0.999676025
MG879663.1,3.55E-07,3.01E-05,0.991339536
KP278513.1,3.55E-07,1.12E-05,0.976590411
EU099192.1,3.55E-07,1.46E-06,0.823336403
HM774082.1,3.56E-07,8.97E-06,0.970838688
MN288042.1,3.56E-07,3.79E-06,0.931150033
MN288030.1,3.56E-07,1.50E-05,0.982543753
MW458556.1,3.57E-07,7.13E-06,0.963264627
AJ389170.1,3.57E-07,8.51E-06,0.969204141
AB066840.1,3.58E-07,7.04E-05,0.996264786
AY172957.1,3.58E-07,3.01E-06,0.912916119
MT658806.1,3.60E-07,1.95E-05,0.986928589
MW655267.1,3.60E-07,1.75E-06,0.850556271
T2-5A_1,3.60E-07,5.09E-06,0.948043528
MW458252.1,3.61E-07,1.64E-06,0.840470589
AY393672.1,3.62E-07,3.39E-06,0.924839834
MW039656.1,3.62E-07,3.60E-06,0.926278534
MN288043.1,3.63E-07,3.75E-06,0.929098357
MK269784.1,3.64E-07,9.90E-06,0.97298636
321.11.PB.6.1B11_1,3.65E-07,1.08E-05,0.975076058
20A-678-41_2E02,3.65E-07,1.83E-05,0.985302102
AG2-C05_1,3.66E-07,7.93E-06,0.967375181
Z35123.1,3.67E-07,3.78E-06,0.931491987
EU794398.1,3.68E-07,3.28E-05,0.991765805
MW458212.1,3.68E-07,1.14E-06,0.767883453
KT304392.1,3.68E-07,5.28E-05,0.995073079
MW457966.1,3.68E-07,7.15E-05,0.996214021
MK270018.1,3.68E-07,1.60E-05,0.983078137
AY393138.1,3.68E-07,3.25E-06,0.920143278
MW177317.1,3.69E-07,5.56E-05,0.995303083
AY050692.1,3.69E-07,2.24E-05,0.987853387
MN282782.1,3.70E-07,1.27E-05,0.978671082
FI1309V,3.70E-07,2.53E-06,0.892912925
MW681644.1,3.70E-07,3.04E-06,0.910653111
JN000436.1,3.70E-07,1.21E-05,0.977485349
MN282896.1,3.72E-07,2.84E-05,0.990396467
KT304509.1,3.72E-07,6.89E-06,0.960380482
GU570269.1,3.72E-07,3.04E-05,0.991006433
315-24-04_1E03,3.73E-07,9.26E-06,0.970434811
MN282080.1,3.73E-07,0.000186263,0.998584425
MT665456.1,3.76E-07,2.29E-06,0.879953442
MW176468.1,3.76E-07,0.000220557,0.998746189
MN288082.1,3.76E-07,2.06E-05,0.987110675
315-24-04_1D10,3.76E-07,7.24E-06,0.961799025
F026-146_1,3.78E-07,4.22E-05,0.993419199
KT304539.1,3.78E-07,1.50E-05,0.981442744
AY179841.1,3.79E-07,2.28E-05,0.987800689
MN867999.1,3.79E-07,1.68E-06,0.835861431
MN288051.1,3.79E-07,4.78E-06,0.941774777
HM774295.1,3.80E-07,2.03E-05,0.986217387
DQ524120.1,3.80E-07,2.69E-05,0.989608523
KC802110.1,3.80E-07,1.08E-06,0.748427281
AY393350.1,3.81E-07,2.00E-05,0.98599406
MN287692.1,3.81E-07,4.51E-05,0.994020413
AM279568.1,3.82E-07,2.78E-05,0.989910166
KJ487366.1,3.83E-07,4.18E-05,0.993273677
KY249685.1,3.83E-07,9.32E-05,0.996982723
KX858673.1,3.83E-07,6.83E-06,0.958778891
MN285429.1,3.84E-07,4.30E-06,0.937071007
AF460964.1,3.84E-07,9.51E-06,0.970358185
HM774561.1,3.84E-07,4.74E-05,0.994049859
AY393689.1,3.84E-07,7.45E-07,0.641746839
20A-678-41_1C09,3.84E-07,3.38E-07,0.338188614
MN280699.1,3.85E-07,8.08E-06,0.966350412
20A-618-30_1C07,3.85E-07,1.62E-05,0.982543844
MZ555504.1,3.85E-07,7.07E-05,0.995993896
CR9114_Y8D,3.86E-07,1.13E-05,0.974931051
Z47244.1,3.86E-07,9.83E-06,0.972248656
MW655286.1,3.86E-07,2.02E-05,0.985964087
315-09-08_1A05,3.87E-07,5.31E-06,0.946530139
JN111058.1,3.87E-07,4.16E-05,0.993150172
AB067309.1,3.88E-07,7.43E-06,0.961595051
MW177245.1,3.89E-07,2.16E-05,0.986769082
KM603906.1,3.89E-07,3.37E-05,0.991514114
315-09-08_1C01,3.90E-07,7.67E-06,0.962669839
DQ100958.1,3.90E-07,3.71E-05,0.992271434
MW718380.1,3.90E-07,1.96E-05,0.985345702
AB067235.1,3.91E-07,1.23E-05,0.976713437
MN285155.1,3.91E-07,5.07E-05,0.994328859
MN282202.1,3.91E-07,5.20E-05,0.994682439
CR9114_Y6T,3.91E-07,1.15E-06,0.756968445
AY393019.1,3.92E-07,4.33E-06,0.933542136
321.5.GC.60.1B11,3.93E-07,4.15E-05,0.993041162
HM774911.1,3.94E-07,0.000108765,0.997334389
MN283570.1,3.94E-07,4.16E-05,0.993028392
JN110825.1,3.95E-07,4.16E-05,0.993017232
315-24-06_1F11,3.96E-07,2.28E-05,0.98725566
AJ131921.1,3.96E-07,2.38E-06,0.878326421
MN288065.1,3.96E-07,2.67E-05,0.989089771
MW458342.1,3.96E-07,0.000154008,0.998107772
GQ903485.1,3.97E-07,3.27E-06,0.911088479
S67982.1,3.97E-07,4.85E-05,0.993980088
MN291996.1,3.98E-07,5.01E-06,0.941754401
MW655274.1,3.98E-07,0.000198593,0.998525388
KT304518.1,3.99E-07,1.75E-05,0.983272743
MN288067.1,3.99E-07,1.07E-05,0.972568556
MK269859.1,3.99E-07,1.61E-05,0.981759552
MN292361.1,3.99E-07,4.83E-06,0.939350384
315-06-04_1F02,4.00E-07,8.64E-05,0.996730027
AB826521.1,4.01E-07,2.36E-05,0.98750098
HM774540.1,4.01E-07,4.58E-06,0.935830473
AY557627.1,4.02E-07,2.18E-05,0.986419996
HM774950.1,4.05E-07,0.000157009,0.998102166
EU099117.1,4.05E-07,7.58E-06,0.96071838
AY179854.1,4.06E-07,0.000225361,0.998677034
321.5.PB.5.5B11_1,4.06E-07,0.000187624,0.998469686
KX168062.1,4.06E-07,4.37E-05,0.993163434
MN285092.1,4.07E-07,9.99E-06,0.971203165
EF178006.1,4.07E-07,9.15E-05,0.99673023
AB027437.2,4.07E-07,0.000149484,0.998073862
MN281846.1,4.07E-07,1.30E-05,0.976904217
MG524296.1,4.07E-07,1.38E-06,0.78672123
MT110157.1,4.08E-07,1.12E-06,0.739960184
AF062208.1,4.10E-07,9.02E-06,0.966628472
MW654893.1,4.12E-07,2.07E-07,0.141276675
310-18C12,4.14E-07,2.52E-05,0.987907669
MK901903.1,4.14E-07,5.03E-06,0.939587178
MN282624.1,4.14E-07,5.62E-06,0.945870534
MN281647.1,4.14E-07,0.000574713,0.999490553
315-24-08_1E08,4.14E-07,1.53E-05,0.980109757
MN283409.1,4.16E-07,3.07E-05,0.990054806
AB067372.1,4.16E-07,4.33E-06,0.929439392
MW655015.1,4.16E-07,6.91E-06,0.955748746
KT304423.1,4.17E-07,1.47E-05,0.979951651
AJ306680.1,4.18E-07,1.68E-05,0.981727694
EF583675.1,4.19E-07,1.95E-06,0.843835152
MW457765.1,4.19E-07,1.38E-05,0.977599449
321.5.GC.28.1C09_1,4.20E-07,1.25E-05,0.975314714
FJ840044.1,4.20E-07,6.24E-05,0.995056586
20A-618-30_2H01,4.20E-07,7.97E-06,0.961258275
MN288078.1,4.20E-07,5.37E-05,0.994247059
MT151586.1,4.21E-07,0.000129221,0.997604022
AY392844.1,4.22E-07,9.09E-05,0.996719254
MK269857.1,4.22E-07,4.16E-06,0.92856895
AF267758.1,4.23E-07,1.40E-05,0.977813728
MN281749.1,4.23E-07,7.85E-06,0.960370554
AB067331.1,4.24E-07,8.05E-06,0.961326777
DQ490739.1,4.25E-07,1.70E-05,0.982361951
EU794402.1,4.26E-07,0.000222621,0.99859339
AJ487507.1,4.27E-07,1.13E-05,0.972136569
HM774040.1,4.27E-07,7.45E-05,0.995784418
MK901830.1,4.27E-07,5.23E-05,0.993987195
MT665505.1,4.29E-07,1.00E-05,0.969786031
GU272047.1,4.30E-07,2.52E-05,0.987920729
DQ926653.1,4.31E-07,1.79E-05,0.982325301
DQ524031.1,4.31E-07,4.06E-05,0.992194158
MW655020.1,4.32E-07,0.000372606,0.99918058
MN282730.1,4.32E-07,8.65E-05,0.996326068
MK269560.1,4.33E-07,6.86E-05,0.995356913
DQ205184.1,4.35E-07,2.66E-05,0.987963851
MN288053.1,4.36E-07,7.22E-05,0.995561907
AF267068.1,4.36E-07,0.00011453,0.997200807
MK269577.1,4.36E-07,3.93E-05,0.991826013
KT304433.1,4.37E-07,5.89E-05,0.994549938
16.n.01_Heavy_1,4.39E-07,2.39E-05,0.986522131
U82943.1,4.41E-07,2.37E-05,0.98683656
MN288044.1,4.41E-07,0.000282462,0.998896391
MT566016.1,4.41E-07,1.81E-06,0.822700248
321.5.GC.60.1F03_1,4.42E-07,6.29E-05,0.994829849
AY376100.1,4.43E-07,1.84E-05,0.982283365
FJ385424.1,4.43E-07,0.000137108,0.997625896
KU602569.1,4.44E-07,1.37E-05,0.977032201
315-02-08_1B10,4.45E-07,3.08E-05,0.989395173
20A-620-30_1E04,4.46E-07,2.00E-07,0.112518464
AB067328.1,4.46E-07,2.28E-05,0.985617167
MN044289.1,4.47E-07,2.44E-06,0.866557283
MW039668.1,4.47E-07,1.64E-05,0.979947466
MW458317.1,4.48E-07,9.66E-06,0.965948353
310-18D9,4.48E-07,8.10E-06,0.959333481
KX948267.1,4.49E-07,5.36E-06,0.938581006
MW602750.1,4.49E-07,0.000293006,0.998872497
MW654609.1,4.51E-07,1.82E-05,0.981806959
DQ454853.1,4.51E-07,7.23E-05,0.995416571
MW655049.1,4.52E-07,1.88E-05,0.982352345
MW654600.1,4.53E-07,0.000148783,0.99776342
MT151589.1,4.53E-07,1.79E-05,0.981368966
MT151433.1,4.53E-07,0.00016094,0.997929243
MN281731.1,4.54E-07,2.07E-05,0.983866486
MK416659.1,4.54E-07,0.000155381,0.99785045
HM774751.1,4.54E-07,3.90E-05,0.991429992
AY392858.1,4.55E-07,4.64E-05,0.992781785
KT304447.1,4.55E-07,5.37E-05,0.994004448
MT665682.1,4.55E-07,3.21E-05,0.989578905
KT304378.1,4.57E-07,0.000159442,0.99789443
MT151535.1,4.57E-07,5.01E-05,0.993292344
MW654725.1,4.59E-07,9.10E-05,0.996291607
MW458646.1,4.60E-07,2.72E-05,0.987589808
315-05-04_1F12,4.61E-07,1.80E-05,0.981150589
MN284279.1,4.61E-07,0.000339212,0.999000899
MG879702.1,4.61E-07,8.75E-06,0.961279035
MW458331.1,4.62E-07,3.94E-05,0.991382933
AY393683.1,4.63E-07,6.38E-05,0.994669755
FI3120V,4.65E-07,2.79E-05,0.987760691
AY994081.1,4.65E-07,1.64E-05,0.979171233
MW654657.1,4.65E-07,8.33E-05,0.995898373
EU667594.1,4.67E-07,7.39E-05,0.995354926
321.5.PB.5.7A11_1,4.67E-07,7.03E-05,0.995111142
AB826558.1,4.68E-07,4.30E-06,0.923365476
AY996338.1,4.69E-07,4.63E-05,0.992824874
MK269415.1,4.70E-07,0.000139125,0.997518366
MW458852.1,4.70E-07,2.71E-05,0.987252967
MN285480.1,4.70E-07,1.67E-05,0.979287611
MN280999.1,4.71E-07,0.000131833,0.997376301
HM775014.1,4.71E-07,0.000368288,0.999095248
MK416561.1,4.72E-07,5.94E-05,0.994160684
MW458788.1,4.72E-07,0.000103359,0.996642681
KJ880539.1,4.74E-07,2.86E-05,0.987836865
MT151492.1,4.74E-07,6.72E-06,0.9482109
MN282998.1,4.74E-07,2.89E-05,0.987918833
AY393238.1,4.75E-07,4.74E-05,0.992633848
MW602756.1,4.75E-07,2.30E-05,0.985400493
148,4.75E-07,4.06E-07,0.325909736
KX948549.1,4.76E-07,1.09E-05,0.967841763
315-02-04_1E10,4.77E-07,8.00E-05,0.995620976
MN445654.1,4.78E-07,2.59E-06,0.865265307
AY179851.1,4.80E-07,1.42E-05,0.975228711
HM774179.1,4.80E-07,0.000210368,0.99838786
MN284099.1,4.82E-07,4.11E-05,0.991375389
20A-620-30_1F07,4.83E-07,3.99E-05,0.991102671
HM775046.1,4.85E-07,6.29E-06,0.943460406
MW176480.1,4.86E-07,0.000140753,0.997559195
MW176471.1,4.88E-07,1.13E-05,0.968299803
MN282779.1,4.88E-07,2.09E-05,0.98350479
KT304349.1,4.89E-07,7.57E-05,0.995247826
AY866752.1,4.89E-07,1.38E-06,0.745834074
AG12-2E01_1,4.90E-07,0.000132615,0.997286508
EU099161.1,4.90E-07,7.16E-06,0.949753967
AB067335.1,4.90E-07,0.000200922,0.998206335
MW654827.1,4.91E-07,0.00014037,0.997430938
DQ524013.1,4.91E-07,2.59E-05,0.986060236
MN281799.1,4.91E-07,6.52E-05,0.994461607
MK269704.1,4.92E-07,3.20E-05,0.988706515
MW293055.1,4.92E-07,8.55E-06,0.957710709
AJ414024.1,4.93E-07,7.91E-05,0.995593821
HM995820.1,4.94E-07,2.03E-05,0.982063979
MN282557.1,4.95E-07,3.56E-05,0.989771257
AF308554.1,4.96E-07,0.000126847,0.997126878
MN290909.1,4.98E-07,2.07E-05,0.982316167
321.5.PB.5.5C05_1,4.99E-07,3.74E-05,0.990203379
JX462749.1,4.99E-07,2.27E-05,0.984481203
GQ903496.1,4.99E-07,0.000252726,0.99854832
HM774277.1,4.99E-07,1.07E-05,0.965801911
MW458570.1,5.01E-07,0.000244196,0.998491862
MN281327.1,5.01E-07,7.04E-05,0.994762793
CR9114_Y7_,5.04E-07,3.38E-05,0.989049447
MT151491.1,5.05E-07,4.97E-05,0.992815695
70-5B03_1,5.05E-07,0.000109776,0.996617954
KJ880577.1,5.07E-07,1.09E-05,0.965781139
MW681676.1,5.07E-07,1.99E-05,0.981317813
MK900823.1,5.07E-07,1.51E-05,0.975390153
KT304536.1,5.07E-07,1.69E-05,0.977893782
MG524301.1,5.07E-07,2.60E-05,0.985676368
MW458361.1,5.08E-07,2.35E-05,0.984741783
DQ065677.1,5.10E-07,5.71E-05,0.993434423
MN285058.1,5.10E-07,4.62E-06,0.922101792
JN111085.1,5.11E-07,2.62E-05,0.986241083
KJ880584.1,5.11E-07,5.86E-05,0.993589151
KT304362.1,5.11E-07,0.000312283,0.998796509
MH500134.1,5.12E-07,2.07E-05,0.981806955
EU099210.1,5.13E-07,8.08E-06,0.953396622
AB826557.1,5.13E-07,8.73E-06,0.956850963
MW458014.1,5.13E-07,1.38E-05,0.972716955
AB776836.1,5.14E-07,0.000231486,0.998369223
MN292325.1,5.14E-07,1.12E-05,0.966366143
DQ021405.1,5.15E-07,2.11E-05,0.982018739
HQ378363.1,5.17E-07,1.91E-05,0.980153812
20A-623-30_1C10,5.18E-07,0.000530874,0.999282954
HM774626.1,5.18E-07,2.11E-05,0.981926942
315-53-04_1F05,5.20E-07,3.90E-05,0.99057232
315-02-08_1G03,5.20E-07,2.31E-06,0.836324304
MK901890.1,5.21E-07,1.11E-05,0.965435766
MW177248.1,5.22E-07,2.21E-05,0.982624196
HM774103.1,5.22E-07,0.000214416,0.998209533
MN292475.1,5.22E-07,0.000133296,0.997119746
AY685267.1,5.24E-07,5.09E-05,0.992431462
DQ179658.1,5.24E-07,4.59E-05,0.99159851
MK269388.1,5.27E-07,8.88E-06,0.956447483
MW602758.1,5.27E-07,0.000526911,0.999264965
CR9114_N5_,5.27E-07,3.91E-05,0.990100977
JN110751.1,5.28E-07,1.05E-05,0.963122162
MW293156.1,5.29E-07,3.92E-06,0.905103647
KM067715.1,5.31E-07,3.31E-05,0.98820644
HM995248.1,5.32E-07,4.35E-05,0.991018009
MT594067.1,5.32E-07,2.62E-05,0.985087761
MW654895.1,5.33E-07,1.40E-05,0.972041928
150055-005_2D02_1,5.35E-07,1.22E-05,0.967795028
321.5.PB.5.4B01_1,5.37E-07,0.000169482,0.997758282
MN288071.1,5.37E-07,5.44E-05,0.992736208
MN283632.1,5.38E-07,2.63E-05,0.984974714
F010-073_1,5.40E-07,6.30E-05,0.993698155
315-06-04_1D10,5.40E-07,2.58E-05,0.985172292
MW654660.1,5.42E-07,3.09E-05,0.987116268
MN282263.1,5.42E-07,2.19E-05,0.981789495
321.5.PB.5.5D09_1,5.42E-07,0.000248156,0.998393907
AJ308464.1,5.43E-07,0.000114353,0.996507522
315-09-04_1A04,5.44E-07,4.12E-05,0.990302522
HM774392.1,5.44E-07,0.00014919,0.997317257
MW458551.1,5.45E-07,7.71E-05,0.994804341
MN288055.1,5.46E-07,1.95E-05,0.979413823
1009-3A02_1,5.46E-07,4.38E-05,0.990837089
315-06-06_1A03,5.46E-07,7.96E-05,0.994956863
EU099177.1,5.47E-07,1.77E-05,0.977227217
EU146320.1,5.48E-07,7.88E-05,0.994888696
MN284259.1,5.48E-07,3.57E-05,0.988723849
MN281555.1,5.49E-07,1.78E-05,0.977331781
MK269611.1,5.51E-07,1.20E-05,0.966330073
EF178014.1,5.51E-07,1.29E-05,0.96851486
MN283141.1,5.51E-07,0.000181007,0.997846639
KT304335.1,5.54E-07,7.69E-05,0.994708159
FI206V,5.54E-07,6.95E-05,0.994143183
EU794438.1,5.55E-07,3.98E-05,0.989765823
HM995846.1,5.55E-07,4.94E-05,0.991745266
MN281147.1,5.56E-07,3.79E-06,0.892600233
MN281223.1,5.56E-07,0.000103444,0.996049751
20A-620-30_2C05,5.56E-07,3.45E-05,0.98813125
20A-605-30_1F10,5.59E-07,0.000352602,0.998833685
MK269545.1,5.60E-07,0.00025575,0.998388955
20A-620-30_1H05,5.61E-07,0.000130079,0.996831572
MK901069.1,5.61E-07,6.04E-05,0.993178271
MN282126.1,5.63E-07,0.000123519,0.996776363
CR9114_Y8_,5.64E-07,4.19E-05,0.990104372
MW655161.1,5.64E-07,9.19E-06,0.954914858
KT304508.1,5.66E-07,5.25E-05,0.992068361
KT304441.1,5.67E-07,0.000211782,0.998032773
MH259709.1,5.67E-07,4.11E-05,0.989866161
MW655167.1,5.67E-07,8.43E-05,0.99505734
FJ385410.1,5.68E-07,2.24E-05,0.981376006
MN285171.1,5.70E-07,9.26E-05,0.995480365
321.5.GC.12.2A07_1,5.70E-07,0.000326731,0.998718344
U89903.1,5.70E-07,0.000381491,0.998901865
AB826542.1,5.70E-07,0.000367584,0.998860266
MN282930.1,5.71E-07,0.000102912,0.995920058
CR9114_Y8E,5.73E-07,6.60E-05,0.993618767
20A-618-30_2E11,5.73E-07,0.000111154,0.99635233
KY432411.1,5.74E-07,6.64E-05,0.993648118
DQ454802.1,5.75E-07,5.49E-05,0.992293479
MN283628.1,5.76E-07,2.02E-06,0.793817747
MW655276.1,5.76E-07,8.33E-05,0.994912009
AJ252276.1,5.77E-07,1.85E-05,0.977129562
20A-620-30_1B09,5.77E-07,7.58E-05,0.994409376
HM994945.1,5.78E-07,3.30E-05,0.987109834
MG524330.1,5.80E-07,3.70E-05,0.988474723
MN292423.1,5.80E-07,1.65E-05,0.974130653
8M2,5.81E-07,1.40E-05,0.970699038
MW458911.1,5.85E-07,2.11E-06,0.800139718
KT304422.1,5.85E-07,8.27E-05,0.994796436
KT304540.1,5.85E-07,6.91E-05,0.993773244
KJ880554.1,5.87E-07,2.64E-05,0.984260861
KX986436.1,5.88E-07,4.93E-05,0.991240496
MN281228.1,5.88E-07,0.000107983,0.995998558
20A-605-30_1B07,5.94E-07,0.000913658,0.99954012
I5-24,5.95E-07,0.000351303,0.998755821
AY393682.1,5.96E-07,1.56E-05,0.973004423
AY557626.1,5.97E-07,3.01E-05,0.985427316
AF174109.1,5.98E-07,7.67E-05,0.994273017
MT565820.1,5.99E-07,9.42E-06,0.953303036
DQ524127.1,5.99E-07,3.63E-05,0.987876382
MK269836.1,6.01E-07,7.22E-05,0.99388535
HM152527.1,6.01E-07,4.01E-05,0.988980557
MN283392.1,6.02E-07,0.006774473,0.999937147
MK269733.1,6.02E-07,0.000210848,0.997899739
KX986514.1,6.03E-07,4.18E-05,0.989786238
EU306358.1,6.06E-07,3.20E-05,0.986087412
MT151566.1,6.07E-07,9.37E-07,0.583594766
HM774551.1,6.08E-07,5.78E-06,0.922849959
MT565772.1,6.09E-07,3.44E-05,0.98698542
HQ378401.1,6.10E-07,1.93E-05,0.976743246
U82942.1,6.10E-07,3.54E-05,0.987330771
MW176452.1,6.12E-07,0.000140346,0.996797002
MW654594.1,6.14E-07,2.26E-05,0.980014687
AF051100.1,6.14E-07,6.75E-05,0.993313446
KT304510.1,6.15E-07,6.35E-05,0.992880787
20A-618-30_1D09,6.16E-07,3.66E-05,0.98763176
16.l.01_Heavy_1,6.16E-07,2.77E-05,0.983669679
MN283894.1,6.18E-07,0.000208235,0.997819677
030_09_1A06_1,6.19E-07,5.18E-05,0.991211696
MN283929.1,6.19E-07,1.89E-05,0.975931495
MN281064.1,6.21E-07,0.000104325,0.995623365
AY393268.1,6.22E-07,0.000192268,0.997621147
JX462741.1,6.22E-07,0.000287792,0.998410347
AY179857.1,6.22E-07,7.35E-05,0.993778762
MK269761.1,6.23E-07,5.34E-05,0.991428213
MN283424.1,6.23E-07,2.27E-05,0.979778427
MK673469.1,6.23E-07,0.000230885,0.998014885
315-02-06_1H01,6.25E-07,7.71E-06,0.940504062
KF688141.1,6.26E-07,0.000379836,0.998788478
310-18B3,6.27E-07,0.000736183,0.999374102
MK269469.1,6.27E-07,4.34E-05,0.989787404
MW458548.1,6.27E-07,0.000198423,0.997675789
CR9114_G4_,6.29E-07,2.95E-05,0.984353152
EU667595.1,6.29E-07,0.000368132,0.998744128
AJ437671.1,6.31E-07,0.000301648,0.998463006
KT304488.1,6.31E-07,0.000478084,0.999029081
W85-1D11,6.33E-07,1.77E-05,0.973683471
MK269711.1,6.35E-07,8.86E-05,0.994736318
KJ880364.1,6.36E-07,8.47E-05,0.994483854
MN288057.1,6.37E-07,5.55E-05,0.991576208
MK269471.1,6.38E-07,0.000162111,0.997106535
MK497834.1,6.39E-07,6.91E-05,0.993205028
20A-605-30_2A10,6.40E-07,0.000189603,0.997519028
HQ378365.1,6.43E-07,3.07E-05,0.984615008
HM774494.1,6.43E-07,8.70E-05,0.994569145
MN285014.1,6.43E-07,5.29E-05,0.991067788
MG524003.1,6.44E-07,4.35E-05,0.989119015
AJ006647.1,6.44E-07,1.27E-05,0.962589263
CR9114_R2_,6.45E-07,0.00025123,0.998113699
AB066939.1,6.45E-07,3.84E-05,0.987642543
MW655263.1,6.46E-07,0.000105607,0.995504326
U82769.1,6.47E-07,6.24E-05,0.992381086
MW458802.1,6.47E-07,3.22E-05,0.985220987
KU602203.1,6.47E-07,0.000144908,0.996716296
MW458797.1,6.49E-07,0.00010596,0.995500368
KJ423824.1,6.52E-07,1.75E-05,0.972679291
MN868002.1,6.52E-07,0.000105287,0.995445282
2B04_,6.53E-07,9.00E-05,0.994665157
AF267070.1,6.54E-07,2.93E-05,0.983601712
MN281032.1,6.54E-07,1.13E-05,0.957334672
AJ252275.1,6.56E-07,7.37E-05,0.993458822
AY392856.1,6.57E-07,0.000170017,0.997160372
MK269627.1,6.57E-07,1.65E-05,0.970787046
AB066829.1,6.60E-07,0.000183863,0.99735931
MT565814.1,6.62E-07,2.47E-05,0.98028307
AY003797.1,6.64E-07,4.82E-05,0.989865752
MN291025.1,6.65E-07,2.56E-05,0.981619317
SFV005-1C01,6.66E-07,0.000288989,0.998305428
AB067130.1,6.66E-07,7.05E-05,0.993048079
MT565834.1,6.67E-07,0.000293085,0.998327766
EU099180.1,6.70E-07,4.66E-05,0.989437033
315-06-06_1A11,6.74E-07,0.000192676,0.997426868
AB826499.1,6.75E-07,3.73E-05,0.986685255
MN291235.1,6.76E-07,0.000112075,0.995567017
FI891V,6.77E-07,7.66E-05,0.993506502
KX948287.1,6.77E-07,2.28E-05,0.978164215
DQ926531.1,6.78E-07,3.48E-05,0.98565356
HM995219.1,6.81E-07,0.000156951,0.996810761
MW587628.1,6.81E-07,3.13E-05,0.983987423
MN290863.1,6.81E-07,5.06E-05,0.990100568
AF062098.1,6.83E-07,0.000113493,0.995743234
FI5138V,6.86E-07,3.82E-05,0.986820145
AY555497.1,6.88E-07,0.000273012,0.998146902
2p19w83,6.88E-07,4.52E-05,0.988800422
KT304403.1,6.90E-07,0.000124977,0.995941434
AB066953.1,6.91E-07,6.95E-05,0.99269093
HM774018.1,6.94E-07,0.00022738,0.997755943
MN283210.1,6.96E-07,5.57E-05,0.991158593
321.11.GC.6.2A02_1,6.99E-07,1.90E-05,0.972942955
CR9114_Y6P,7.01E-07,7.17E-05,0.992821774
EU350410.1,7.01E-07,0.000195035,0.997357551
MN283396.1,7.04E-07,1.70E-05,0.97072843
AF103179.1,7.04E-07,8.78E-05,0.994105317
MN282311.1,7.05E-07,3.95E-05,0.987387453
KX948269.1,7.07E-07,0.000108245,0.995199901
AF174069.1,7.07E-07,2.94E-05,0.982338237
AB066835.1,7.10E-07,2.04E-05,0.975330384
GQ856071.1,7.11E-07,9.11E-05,0.99426378
MW655138.1,7.15E-07,0.00010824,0.995143886
mbc_T2-4C,7.19E-07,2.46E-05,0.97848648
20A-518-30_1F06,7.20E-07,0.000901597,0.999413226
AJ496490.1,7.20E-07,0.000333204,0.99847173
BC016381.1,7.21E-07,3.11E-05,0.982983622
HM774692.1,7.23E-07,0.000135494,0.996079686
321.5.PB.5.4D03,7.23E-07,0.001530213,0.999652448
MN281791.1,7.26E-07,0.001405293,0.999620234
MW176540.1,7.32E-07,0.000168142,0.996801429
CR9114_Y6L,7.32E-07,0.000240727,0.997764781
GU552691.1,7.32E-07,0.000113146,0.995243255
MW681748.1,7.34E-07,3.02E-05,0.982132512
MK269370.1,7.35E-07,0.008338863,0.999937665
MW654818.1,7.36E-07,4.44E-05,0.987803214
GQ232929.1,7.41E-07,0.000324407,0.998321424
AY393266.1,7.41E-07,0.000465554,0.998874748
AY921003.1,7.41E-07,9.31E-05,0.99414428
CR9114_Y6G,7.44E-07,0.000109103,0.994987274
AB063848.1,7.47E-07,0.000131226,0.995814246
V3-2C3,7.48E-07,2.89E-05,0.980982645
MN281603.1,7.48E-07,6.20E-05,0.991130703
018_10_4D03_1,7.50E-07,9.35E-05,0.994323446
MW602732.1,7.52E-07,8.47E-05,0.993722406
MN283215.1,7.53E-07,0.000148795,0.996420956
L12094.1,7.54E-07,2.91E-05,0.981693916
MN282030.1,7.55E-07,0.000211954,0.997383091
MW655265.1,7.60E-07,3.21E-05,0.982606503
047_09_4F01_1,7.61E-07,3.56E-05,0.9843114
DQ840709.1,7.63E-07,9.45E-05,0.994068554
U09084.1,7.63E-07,3.84E-05,0.985962481
MN283039.1,7.63E-07,0.000132403,0.995923499
MW458449.1,7.66E-07,0.000430796,0.998693745
MN281939.1,7.66E-07,1.83E-05,0.969322299
MH605115.1,7.67E-07,0.000246095,0.997708223
315-06-08_1G02,7.67E-07,0.000321379,0.998244609
MW177249.1,7.69E-07,6.50E-05,0.991313071
AY155561.1,7.70E-07,0.000223811,0.997469718
321.5.GC.12.1A10_1,7.70E-07,9.69E-05,0.994378125
AB063902.1,7.73E-07,0.000330082,0.998278999
KP278498.1,7.74E-07,0.001622125,0.999649248
MN445729.1,7.74E-07,0.000180864,0.996853967
20A-618-30_2H03,7.76E-07,0.000130933,0.995641049
MN292322.1,7.80E-07,0.000639482,0.999103888
HM996065.1,7.83E-07,5.60E-05,0.989716949
JN110749.1,7.85E-07,0.000246117,0.997654503
MK416930.1,7.87E-07,0.001025125,0.999435934
150055-005_2D06_1,7.87E-07,5.12E-05,0.988698692
KT304535.1,7.89E-07,0.000124626,0.995348922
KJ880537.1,7.89E-07,0.001420137,0.999607063
AY866570.1,7.93E-07,0.000287325,0.998049379
EF091910.1,7.93E-07,0.000233348,0.997501389
MW457986.1,7.95E-07,0.000265629,0.9978005
MW176165.1,7.95E-07,0.000352195,0.998340085
AB067267.1,7.98E-07,6.63E-05,0.99115533
MN281743.1,7.98E-07,2.88E-05,0.979629604
DQ535445.1,8.00E-07,0.000206792,0.99715588
MW458879.1,8.04E-07,1.51E-05,0.960957152
KM067799.1,8.06E-07,6.89E-05,0.991404396
HM774891.1,8.10E-07,0.000560356,0.998937928
321.5.PB.5.7D11_1,8.10E-07,0.000230574,0.997417908
AJ496476.1,8.11E-07,5.14E-05,0.988401284
BC062336.1,8.12E-07,0.000496997,0.99879918
MN288054.1,8.12E-07,0.000392601,0.998478989
MN288038.1,8.15E-07,0.000533892,0.998878406
MW176556.1,8.23E-07,7.84E-05,0.992290754
MN283308.1,8.23E-07,0.001791986,0.999675205
Z34906.1,8.25E-07,8.05E-05,0.992470338
MK900915.1,8.27E-07,0.000130833,0.995351667
HQ378403.1,8.29E-07,0.000402744,0.998486335
CR9114_H3_,8.31E-07,3.92E-05,0.984420678
315-06-06_1A01,8.33E-07,7.69E-05,0.992036515
MN283363.1,8.35E-07,0.000400048,0.998465341
MN285059.1,8.38E-07,2.92E-05,0.978898916
MN291439.1,8.41E-07,0.000131884,0.995314854
MN292453.1,8.42E-07,0.000149168,0.995852251
321.5.PB.5.7A01_1,8.42E-07,0.000449331,0.998622618
EU549726.1,8.42E-07,0.00061705,0.998996738
HM774728.1,8.42E-07,3.35E-05,0.981508375
MN284944.1,8.45E-07,8.28E-05,0.992495305
315-54-08_1A06,8.49E-07,6.99E-05,0.99107342
MW458374.1,8.52E-07,6.95E-05,0.990990523
W85-1C10_1,8.54E-07,7.50E-05,0.991630309
GQ856069.1,8.56E-07,0.000155295,0.995947294
MN395517.1,8.57E-07,0.000188299,0.99665589
315-54-08_1F01,8.57E-07,0.000203415,0.996903646
MN291780.1,8.62E-07,0.000155705,0.995930251
EU099247.1,8.62E-07,0.000139933,0.995471459
AY179838.1,8.64E-07,2.78E-05,0.97716452
MK269973.1,8.66E-07,0.00019007,0.996652436
MW458699.1,8.66E-07,0.001922976,0.999681636
MN283883.1,8.70E-07,0.000204236,0.996868525
GU570273.1,8.74E-07,0.000265872,0.997582757
MW526271.1,8.78E-07,0.000543578,0.998858358
KT304464.1,8.79E-07,0.000286631,0.997745069
KT304427.1,8.82E-07,0.001221913,0.999469609
F022-360_1,8.82E-07,0.000485081,0.998662669
MT565812.1,8.86E-07,0.000152948,0.995741226
CR9114_Y6K,8.87E-07,0.000141492,0.995393946
MN282262.1,8.88E-07,4.29E-05,0.984800631
MN280812.1,8.96E-07,4.97E-05,0.986736741
AY393687.1,8.97E-07,0.000261064,0.997475146
MN281288.1,9.00E-07,3.05E-05,0.978324468
EU099160.1,9.06E-07,0.000201247,0.996689128
M24670.1,9.07E-07,0.000159877,0.995830252
JN000546.1,9.09E-07,0.000391834,0.998294152
AM279488.1,9.14E-07,6.87E-05,0.990228506
DQ065627.1,9.15E-07,0.000558891,0.998796988
AY393373.1,9.15E-07,0.000239394,0.997189631
MW654784.1,9.15E-07,0.000319983,0.997897082
MN287625.1,9.17E-07,0.000312138,0.997841375
HM774800.1,9.17E-07,0.000410842,0.998358943
MW718430.1,9.18E-07,0.000411911,0.998361935
MK269990.1,9.21E-07,0.000538366,0.998742079
DQ205141.1,9.21E-07,0.000428379,0.998418881
FJ385430.1,9.24E-07,0.000789966,0.99914008
56.ND.11_Heavy,9.25E-07,0.000824899,0.99917587
MN283001.1,9.27E-07,0.000121215,0.994381091
MW177328.1,9.27E-07,0.000884428,0.999229478
HM994958.1,9.30E-07,0.000380081,0.998201436
EU099060.1,9.33E-07,6.09E-05,0.988735016
AM040567.1,9.33E-07,0.000111582,0.99385273
AB826498.1,9.33E-07,0.000923783,0.999285519
KJ487349.1,9.44E-07,0.00013144,0.994722495
HM774574.1,9.46E-07,0.0001376,0.994948721
AM279490.1,9.47E-07,0.00237536,0.999707007
MW176313.1,9.57E-07,7.90E-05,0.991094003
MK269974.1,9.57E-07,0.00010794,0.993483362
MW176514.1,9.59E-07,0.000138162,0.99489936
DQ926239.1,9.59E-07,0.000121163,0.994183562
150055-032_4B04_1,9.61E-07,0.000479751,0.99858381
MN281516.1,9.63E-07,0.000133958,0.994712852
315-02-04_1C02,9.64E-07,0.000341176,0.997922262
HM995447.1,9.65E-07,0.00017146,0.995864884
CR9114_S10_,9.66E-07,0.000305493,0.997675322
MW654892.1,9.69E-07,0.000189896,0.996249533
MN282169.1,9.71E-07,0.000433588,0.998354435
MK269792.1,9.72E-07,7.65E-05,0.990661828
AY866675.1,9.73E-07,0.000265622,0.997306627
HM774786.1,9.73E-07,0.000448656,0.998405403
MN281166.1,9.74E-07,0.000104718,0.993165164
AJ239357.1,9.77E-07,0.000195355,0.99632453
20A-620-30_1B07,9.77E-07,0.000867858,0.999172255
MW177324.1,9.80E-07,5.69E-05,0.98733221
MW176287.1,9.80E-07,0.002032376,0.999645367
MN288068.1,9.82E-07,0.000597447,0.998791169
EU146330.1,9.83E-07,9.40E-05,0.992313218
MW458216.1,9.86E-07,0.000141399,0.994876181
AY393360.1,9.90E-07,0.000351486,0.997930241
MT565916.1,9.92E-07,0.000292093,0.997503333
MN292445.1,9.93E-07,0.000169636,0.995697281
JX560779.1,9.95E-07,8.73E-05,0.991623182
AY179846.1,9.97E-07,0.000131389,0.994422121
MN445760.1,1.00E-06,8.12E-05,0.990935172
MW177252.1,1.00E-06,0.000158184,0.995514738
MW655228.1,1.00E-06,0.000209968,0.99648694
AY574947.1,1.01E-06,0.002243704,0.999670625
AY393236.1,1.01E-06,0.000683317,0.998955085
MN280996.1,1.01E-06,0.000147442,0.994957
MK269516.1,1.02E-06,0.000753593,0.999000333
HM774986.1,1.03E-06,0.000511382,0.998525318
AF209880.1,1.03E-06,0.000159048,0.995221674
FI432V,1.03E-06,0.000105515,0.992794413
MW458832.1,1.04E-06,0.000750912,0.998985814
315-54-06_1D01,1.04E-06,0.000366073,0.997919171
MT151527.1,1.04E-06,0.000253913,0.996998148
AY393012.1,1.04E-06,0.000235045,0.996736382
HM774695.1,1.04E-06,0.000156023,0.995269237
MN292446.1,1.06E-06,0.000153377,0.994925182
U49657.1,1.06E-06,0.000636243,0.998771794
MN281626.1,1.06E-06,0.003824092,0.999795621
DQ535460.1,1.07E-06,0.000754709,0.998962042
MN283239.1,1.07E-06,0.004085941,0.999808014
MW654611.1,1.07E-06,0.000239266,0.99671267
GQ903484.1,1.08E-06,0.000178038,0.9955434
MN285227.1,1.08E-06,0.000330559,0.997595787
AF217789.1,1.08E-06,0.000806587,0.999012292
AY179847.1,1.08E-06,0.000151904,0.994750127
315-09-06_5E06,1.09E-06,0.000147832,0.994603232
MW457744.1,1.09E-06,0.000244485,0.996731415
KC802097.1,1.10E-06,0.000391149,0.997941541
MG879664.1,1.10E-06,0.000641096,0.998786062
MN288028.1,1.10E-06,0.000505969,0.998398386
AJ437674.1,1.11E-06,0.000148782,0.994537637
AM259138.1,1.11E-06,0.000341392,0.997610363
MK901216.1,1.11E-06,0.000150535,0.994570178
MW718429.1,1.11E-06,0.000320247,0.997443627
MW176653.1,1.13E-06,0.000413793,0.998069025
AJ414009.1,1.13E-06,0.000810404,0.998973897
EF175418.1,1.14E-06,0.000140479,0.994050124
MN281039.1,1.14E-06,0.002362573,0.999644816
GU570265.1,1.14E-06,0.000124209,0.993238111
MT462522.1,1.15E-06,0.000231952,0.996370546
MN280675.1,1.15E-06,7.81E-05,0.989216115
1009-3B05_1,1.15E-06,0.00017132,0.995076923
L04335.1,1.15E-06,0.000479111,0.998238842
MN282270.1,1.15E-06,0.000331199,0.997443268
AY393367.1,1.15E-06,0.000847019,0.998999325
HM996269.1,1.15E-06,0.000595362,0.99857506
EU099220.1,1.16E-06,0.000152596,0.994424995
U82771.1,1.16E-06,0.000286388,0.997025923
KT304448.1,1.16E-06,0.000235894,0.996371011
MT566080.1,1.17E-06,0.000298481,0.997127711
MN282219.1,1.18E-06,0.000513141,0.998312282
L23519.1,1.19E-06,0.000241757,0.99638877
AY866755.1,1.19E-06,0.00021902,0.996004521
AB066931.1,1.19E-06,0.000373826,0.997744103
GU552683.1,1.19E-06,0.000558713,0.998429375
MN282583.1,1.19E-06,0.000560775,0.998434016
C8-2-F02_1,1.20E-06,0.004254939,0.999792607
CR9114_Y6_,1.20E-06,0.000984158,0.999100989
I4-128,1.21E-06,0.001229225,0.999278995
AJ239355.1,1.21E-06,9.59E-05,0.990723295
MZ883084.1,1.21E-06,0.002388905,0.999627406
MN281590.1,1.21E-06,0.000169035,0.994722749
MN292278.1,1.21E-06,0.000323632,0.997242054
MK417136.1,1.22E-06,0.000841895,0.998976318
MW176549.1,1.23E-06,0.000325903,0.997331014
MN282411.1,1.23E-06,0.00053999,0.99832405
315-05-08_1C09,1.23E-06,0.003405521,0.999744261
R95-1C01_1,1.24E-06,0.000243491,0.99626397
EU099092.1,1.24E-06,0.001370953,0.999334228
CR9114_Y9_,1.25E-06,0.000896247,0.998973311
DQ100933.1,1.25E-06,0.000525457,0.998247671
MW681642.1,1.26E-06,5.95E-05,0.985086331
GQ903511.1,1.26E-06,0.000227286,0.995912695
MN285063.1,1.27E-06,0.000190941,0.995128831
FJ874043.1,1.27E-06,0.000273241,0.996580044
MG524325.1,1.27E-06,0.001541742,0.999392155
MN282893.1,1.28E-06,0.000251255,0.996256398
AY155559.1,1.28E-06,0.000316794,0.997028919
AY393137.1,1.28E-06,0.000582304,0.998381322
MN284616.1,1.28E-06,0.001377053,0.9993406
EU099099.1,1.29E-06,0.001902794,0.999502174
DQ065618.1,1.30E-06,0.007136244,0.999870906
MK269920.1,1.31E-06,0.000325226,0.997045969
MG524316.1,1.33E-06,0.000339181,0.997233428
MW177357.1,1.33E-06,0.000265586,0.996453983
AY179844.1,1.34E-06,0.001053722,0.999068623
MN281903.1,1.34E-06,0.003525214,0.999720581
MW587448.1,1.34E-06,0.001143348,0.999137799
KT304425.1,1.36E-06,0.000827607,0.998792579
MK269478.1,1.36E-06,0.00027829,0.996397625
MW802484.1,1.37E-06,0.00033174,0.996971421
AY994079.1,1.37E-06,0.000334057,0.99698753
AF267760.1,1.37E-06,0.00196321,0.999505686
310-18C1,1.37E-06,0.000230618,0.995621689
GU358682.1,1.38E-06,0.001334006,0.999268366
KX948588.1,1.38E-06,0.002734905,0.999628128
HM774863.1,1.40E-06,0.000480985,0.997866408
MT665542.1,1.40E-06,0.000646514,0.998410758
KX948364.1,1.40E-06,0.001071153,0.99904048
HM774715.1,1.40E-06,0.001351864,0.999238128
SFV009_2A06,1.41E-06,0.000534981,0.998062013
JN000538.1,1.43E-06,0.00059473,0.998294912
EF583664.1,1.44E-06,0.000168026,0.993694455
MN288076.1,1.45E-06,0.005918823,0.999820311
MK269923.1,1.45E-06,0.001209059,0.999118874
HM774916.1,1.45E-06,0.001005179,0.998937847
MW654973.1,1.46E-06,0.000829675,0.998709542
AY577293.1,1.46E-06,0.000466621,0.997702888
MK269494.1,1.46E-06,0.003267567,0.999671122
MW457738.1,1.47E-06,0.000586861,0.998232585
MN283112.1,1.48E-06,0.001235648,0.999117305
KT304468.1,1.48E-06,0.001694404,0.999355851
MN702863.1,1.49E-06,0.001362262,0.999195883
MN288077.1,1.49E-06,0.001151312,0.99904691
MW587422.1,1.49E-06,0.002063856,0.999467602
HE584553.1,1.50E-06,0.000431007,0.997448557
KX858681.1,1.50E-06,0.002246502,0.999528195
JN111102.1,1.51E-06,0.000315102,0.996617637
EF624072.2,1.51E-06,0.00145213,0.999235281
KM067711.1,1.52E-06,0.000707608,0.998421278
EU099282.1,1.52E-06,0.002770606,0.99961164
315-24-04_1A06,1.52E-06,0.001309521,0.999144961
DQ100839.1,1.52E-06,0.000237166,0.995277212
MN290901.1,1.53E-06,0.000529401,0.997869827
KT304490.1,1.54E-06,0.000238785,0.995273033
EU099145.1,1.54E-06,0.002090029,0.999458283
MN281769.1,1.56E-06,0.000934636,0.998770297
MG524363.1,1.57E-06,0.002637722,0.999563637
AB066996.1,1.57E-06,0.006664048,0.999827144
CR9114_H3I,1.57E-06,0.003423072,0.999676212
MW293202.1,1.57E-06,0.000795701,0.99854591
AY866564.1,1.58E-06,0.000570462,0.997960506
EF178030.1,1.61E-06,0.001148404,0.998970037
MK901966.1,1.61E-06,0.004975489,0.999762156
H1N1_300-16-IgG-2E03_,1.63E-06,0.006891105,0.999833124
AY393528.1,1.63E-06,0.000738348,0.998375864
MT566126.1,1.64E-06,0.004126147,0.999708388
MN281587.1,1.64E-06,0.000241662,0.994998471
AY003802.1,1.65E-06,0.000967718,0.99874799
L04334.1,1.65E-06,0.00145329,0.999166011
JN000635.1,1.67E-06,0.002614803,0.999530967
L03151.1,1.69E-06,0.00131964,0.999058943
SFV019_4E03,1.70E-06,0.000360872,0.996542719
310-18B8,1.70E-06,0.000637783,0.998118002
01.s.01_Heavy_1,1.71E-06,0.000605565,0.997927317
MW654843.1,1.73E-06,0.003467912,0.999632479
EU099103.1,1.74E-06,0.000600086,0.997867713
CR9114_G11_,1.77E-06,0.000895499,0.99854831
MN284978.1,1.77E-06,0.000661399,0.998033941
MT599826.1,1.77E-06,0.000759748,0.998287198
KM067717.1,1.79E-06,0.002417995,0.999456588
MN282605.1,1.80E-06,0.001397954,0.999051581
MN445646.1,1.80E-06,0.0040892,0.999675671
KM603889.1,1.81E-06,0.016926165,0.99992451
20A-605-30_1D07,1.82E-06,0.001230894,0.998915035
MN283376.1,1.82E-06,0.003163756,0.999576471
AF062193.1,1.84E-06,0.003294735,0.99960512
MN283596.1,1.84E-06,0.000701922,0.998071219
MK900814.1,1.87E-06,0.007905146,0.999826166
EU099205.1,1.87E-06,0.001895717,0.999274914
HM996349.1,1.87E-06,0.003286364,0.999580685
MK270029.1,1.88E-06,0.002899527,0.999522227
EU099202.1,1.89E-06,0.001773789,0.999245211
AJ437673.1,1.90E-06,0.007753267,0.999820118
MW602670.1,1.91E-06,0.010681146,0.999868691
AY866690.1,1.92E-06,0.02368025,0.999940267
KT304529.1,1.94E-06,0.001283028,0.998890854
AF021970.1,1.95E-06,0.012151615,0.999886465
MK269864.1,1.98E-06,0.002612144,0.999442814
U95239.1,1.99E-06,0.005005085,0.999708398
321.5.PB.5.7G07_1,1.99E-06,0.006948477,0.999789176
MW654599.1,1.99E-06,0.001168628,0.998745706
MN282121.1,2.03E-06,0.002152963,0.999307138
MK901147.1,2.04E-06,0.001846768,0.999188197
HM774469.1,2.04E-06,0.004780131,0.999686057
FJ840193.1,2.04E-06,0.004676037,0.999679032
MN867988.1,2.05E-06,0.000973944,0.998452616
EF175390.1,2.07E-06,0.001676603,0.999094009
HM774771.1,2.08E-06,0.001207274,0.998732852
042-100809_3C06_1,2.08E-06,0.001787323,0.999143851
MT665787.1,2.11E-06,0.005545213,0.99972078
KX986513.1,2.12E-06,0.019368455,0.999919384
FJ840113.1,2.13E-06,0.006454222,0.99975717
MN285038.1,2.14E-06,0.02155885,0.999927149
HM775019.1,2.15E-06,0.00213131,0.99928794
20A-518-30_1H01,2.15E-06,0.001318798,0.998846014
EU099167.1,2.15E-06,0.001380936,0.998853061
EU433873.1,2.17E-06,0.000498431,0.996925157
EF441756.1,2.18E-06,0.002813916,0.999430848
CR9114_D13_,2.19E-06,0.001446435,0.99888651
315-09-04_1B10,2.20E-06,0.001054473,0.998463204
MW457757.1,2.21E-06,0.003386431,0.999520221
AF174073.1,2.21E-06,0.009349621,0.999825898
JF810274.1,2.22E-06,0.006175943,0.999745994
CR9114_Y7D,2.24E-06,0.06931465,0.999977181
MN284799.1,2.28E-06,0.006825985,0.999754991
KY499920.1,2.28E-06,0.00143853,0.998879968
CR9114_V14_,2.30E-06,0.014418899,0.999882896
EF407828.1,2.30E-06,0.001892465,0.999140677
MN282191.1,2.31E-06,0.025764091,0.9999367
AB063831.1,2.33E-06,0.00372384,0.999540873
GQ903494.1,2.34E-06,0.006589071,0.999748808
AY553640.1,2.35E-06,0.001321117,0.998694114
AY466503.1,2.37E-06,0.001022669,0.998299247
MN282993.1,2.37E-06,0.004731935,0.999631326
AF460772.1,2.37E-06,0.021092503,0.999917257
JN110733.1,2.39E-06,0.019451802,0.999909732
150055-032_2D05_1,2.40E-06,0.009220488,0.99980885
315-24-06_1E01,2.43E-06,0.003573834,0.999519574
MN283191.1,2.45E-06,0.00434025,0.999585408
MT599864.1,2.47E-06,0.005493544,0.999669726
MN284058.1,2.47E-06,0.00299272,0.999392222
MN283852.1,2.49E-06,0.001424501,0.998715546
MW458507.1,2.51E-06,0.016764148,0.999889866
EU099170.1,2.52E-06,0.004087655,0.999564302
321.5.PB.5.5E03_1,2.52E-06,0.012240496,0.999848383
HQ703994.1,2.53E-06,0.005654054,0.999670797
315_24Mem_1D06,2.54E-06,0.000708422,0.997468167
JN111094.1,2.54E-06,0.003271717,0.999429297
315-54-08_1F11,2.55E-06,0.005943295,0.999697093
EU099209.1,2.56E-06,0.005199789,0.999637694
MN291254.1,2.56E-06,0.0111624,0.999831192
AF115119.1,2.60E-06,0.015414158,0.999875801
030_09_1E04,2.63E-06,0.024127001,0.99991977
EF407834.1,2.64E-06,0.003939876,0.99950769
EU099086.1,2.71E-06,0.005585949,0.999643027
MW802382.1,2.74E-06,0.010094352,0.999800449
MN281795.1,2.76E-06,0.040078482,0.999949414
EU814959.1,2.78E-06,0.007001241,0.999708488
MN281393.1,2.79E-06,0.01132351,0.999819173
DQ100984.1,2.80E-06,0.036058402,0.999942993
AJ496474.1,2.82E-06,0.033809707,0.999938759
KT304547.1,2.83E-06,0.014546803,0.999857184
MN288026.1,2.84E-06,0.076021374,0.999972494
MN285172.1,2.85E-06,0.006408298,0.999672543
AY557624.1,2.87E-06,0.01822118,0.999884282
AB063720.1,2.88E-06,0.020816283,0.999898311
MW654618.1,2.89E-06,0.002369556,0.999138581
315-21-08_1E10,2.91E-06,0.016813922,0.9998729
MW293219.1,2.98E-06,0.016481929,0.999867204
20A-623-30_1A08,2.98E-06,0.009059717,0.999758319
EF175388.1,3.04E-06,0.002256685,0.999047787
HM995137.1,3.09E-06,0.007961625,0.999714418
AY393371.1,3.11E-06,0.026702708,0.999914337
HM774965.1,3.15E-06,0.094983468,0.999975627
EU099174.1,3.17E-06,0.025219563,0.99990754
MT599860.1,3.20E-06,0.004566288,0.999485104
FJ492922.1,3.23E-06,0.030329026,0.999921729
MN281665.1,3.24E-06,0.008395445,0.999716207
MK269428.1,3.28E-06,0.019529621,0.999881086
AJ239386.1,3.30E-06,0.008838822,0.999735602
MW532189.1,3.42E-06,0.019123038,0.999868521
MN285531.1,3.42E-06,0.034278515,0.999929444
MW654655.1,3.44E-06,0.011711435,0.999784258
EU099176.1,3.47E-06,0.003513056,0.999274019
MG904946.1,3.57E-06,0.01156708,0.99977302
MN281768.1,3.62E-06,0.022344199,0.999885477
MN281321.1,3.66E-06,0.02893282,0.999910643
KT304533.1,3.81E-06,0.018726061,0.999850464
MK269913.1,3.82E-06,0.103276692,0.999972798
GQ232967.1,3.84E-06,0.0051676,0.999474626
EU099171.1,3.89E-06,0.00745264,0.999616773
CR9114_A1_,3.93E-06,0.008554973,0.99966232
MT566116.1,4.01E-06,0.037748238,0.999921974
MN284456.1,4.03E-06,0.06722027,0.999955982
MN292471.1,4.10E-06,0.02628771,0.999885453
MN283147.1,4.11E-06,0.241948788,0.9999875
MN284368.1,4.14E-06,0.021870123,0.999866183
MN284045.1,4.15E-06,0.121433019,0.99997486
MW654602.1,4.25E-06,0.075588353,0.999958637
KU212258.1,4.63E-06,0.446883432,0.99999267
AY927666.1,4.72E-06,0.084111441,0.99995871
HM774826.1,4.85E-06,0.044596751,0.999923127
AB776853.1,4.96E-06,0.05829359,0.99993746
GU358676.1,5.09E-06,0.066919012,0.999946232
MK269426.1,5.14E-06,0.292836892,0.999987587
AY999997.1,5.26E-06,0.286535094,0.999986499
MN282356.1,5.32E-06,0.106463209,0.999963236
HQ703985.1,5.43E-06,0.186479273,0.999978602
MW457723.1,6.07E-06,0.736837412,0.999993947
DQ926277.1,6.11E-06,0.358788526,0.999987484
HM996308.1,6.18E-06,0.421853066,0.999989231
MW457787.1,6.19E-06,0.046269078,0.999901593
AY393645.1,6.25E-06,0.236021005,0.999980535
MN285330.1,6.29E-06,0.164533448,0.999971906
R95-2B07,6.51E-06,0.144354112,0.99996686
MW457687.1,8.37E-06,1.3036543,0.999995462
MW679388.1,8.72E-06,0.584401412,0.999989026
AJ414002.1,8.84E-06,1.054018058,0.999994067
FJ840143.1,9.28E-06,1.66442877,0.999995902
AB066843.1,9.86E-06,1.127578767,0.999993814
051_09_4C06_1,1.00E-05,1.937782652,0.999996351
315-53-06_1C11,1.00E-05,2.825408621,0.999997497
321.11.GC.6.1D06_1,1.00E-05,3.413215711,0.999997846
321.5.GC.12.3B02_1,1.00E-05,5.663099223,0.999998751
AB063666.1,1.00E-05,4.448016705,0.999998347
AG7-3C01_1,1.00E-05,1.188778911,0.999993816
AG9-4G01_1,1.00E-05,3.632277337,0.999997976
AJ437670.1,1.00E-05,5.745024551,0.999998769
AJ496464.1,1.00E-05,3.58405587,0.999998027
CR9114_M12_,1.00E-05,1.334712715,0.999994492
CR9114_V14H,1.00E-05,1.463633823,0.999994978
DQ100777.1,1.00E-05,4.381936549,0.999998386
DQ926439.1,1.00E-05,2.582387286,0.999997153
EU794418.1,1.00E-05,1.802738269,0.999995922
FI5119V,1.00E-05,4.227345277,0.999998261
HM773972.1,1.00E-05,3.487428855,0.999997892
HM995375.1,1.00E-05,1.075173788,0.999993423
JN110878.1,1.00E-05,0.615509382,0.999988512
JN110977.1,1.00E-05,3.544646384,0.999997926
KJ423684.1,1.00E-05,6.713186059,0.999998947
KJ487423.1,1.00E-05,5.456354235,0.999998653
KT304503.1,1.00E-05,1.238327203,0.999994064
KU602451.1,1.00E-05,2.384623618,0.999997035
M18516.1,1.00E-05,2.968371043,0.999997524
MK269363.1,1.00E-05,4.10530286,0.999998209
MK269681.1,1.00E-05,3.653802665,0.999997988
MK416484.1,1.00E-05,1.378463414,0.99999487
MK434076.1,1.00E-05,1.207573075,0.999993913
MN281286.1,1.00E-05,2.148929603,0.999996709
MN283229.1,1.00E-05,1.019447036,0.999992789
MN283507.1,1.00E-05,1.11670178,0.999993417
MN284118.1,1.00E-05,0.89425237,0.99999178
MN284397.1,1.00E-05,3.537195248,0.999997922
MN285326.1,1.00E-05,1.189605739,0.999993821
MN288083.1,1.00E-05,3.816821811,0.999998147
MN288085.1,1.00E-05,0.866723323,0.999991519
MN292285.1,1.00E-05,2.141753205,0.999996568
MT665735.1,1.00E-05,1.488965175,0.999995063
MW176189.1,1.00E-05,1.916909012,0.999996311
MW177319.1,1.00E-05,1.416419549,0.999995008
MW293094.1,1.00E-05,0.21485122,0.999967089
MW458749.1,1.00E-05,1.013989705,0.999993026
MW654785.1,1.00E-05,3.080145955,0.999997704
U64500.1,1.00E-05,2.995621911,0.999997546
W85-3H05,1.00E-05,1.423415663,0.999995032
Z92894.1,1.00E-05,2.091956664,0.99999662